METADATA,,
" ""http://www.w3.org/1999/02/22-rdf-syntax-ns#type"" ",,
" ""http://schema.org/Event/startDate"" ",,
" ""http://schema.org/Event/name"" ",,
" ""http://schema.org/Event/performer"" ",,
" ""http://schema.org/Event/endDate"" ",,
" ""http://schema.org/Event/description"" ",,
" ""http://schema.org/Event/url"" ",,
" ""http://schema.org/Event/location"" ",,
" ""http://schema.org/Event/offers"" ",,
" ""http://schema.org/Event/duration"" ",,
" ""http://schema.org/Event/image"" ",,
" ""http://schema.org/Event/eventStatus"" ",,
" ""http://schema.org/Event/documents"" ",,
" ""http://schema.org/Event/organizer"" ",,
" ""http://schema.org/Event/priceCurrency"" ",,
" ""http://schema.org/Event/price"" ",,
" ""http://schema.org/Event/articleBody"" ",,
" ""http://schema.org/Event/headline"" ",,
" ""http://schema.org/Event/title"" ",,
" ""http://schema.org/Event/disambiguatingDescription"" ",,
" ""http://schema.org/Event/mainEntityOfPage"" ",,
" ""http://schema.org/Event/review"" ",,
" ""http://schema.org/Event/telephone"" ",,
" ""http://schema.org/Event/Description"" ",,
" ""http://schema.org/Event/address"" ",,
" ""http://schema.org/Event/community"" ",,
" ""http://www.w3.org/1999/xhtml/microdata#item"" ",,
" ""http://purl.org/dc/terms/title"" ",,
" ""http://schema.org/Event/about"" ",,
" ""http://schema.org/Event/video"" ",,
" ""http://schema.org/Event/subEvent"" ",,
" ""http://schema.org/Event/sameAs"" ",,
" ""http://schema.org/Event/alternateName"" ",,
" ""http://schema.org/Event/aggregateRating"" ",,
" ""http://schema.org/Event/addressRegion"" ",,
" ""http://schema.org/Event/highPrice"" ",,
" ""http://schema.org/Event/doorTime"" ",,
" ""http://schema.org/Event/availability"" ",,
" ""http://schema.org/Event/datePublished"" ",,
" ""http://schema.org/Event/author"" ",,
" ""http://schema.org/Event/publisher"" ",,
" ""http://schema.org/Event/dateModified"" ",,
" ""http://schema.org/Event/text"" ",,
" ""http://schema.org/Event/keywords"" ",,
" ""http://schema.org/Event/identifier"" ",,
" ""http://schema.org/Event/performers"" ",,
" ""http://schema.org/Event/sponsors"" ",,
" ""http://schema.org/Event/contact"" ",,
" ""http://schema.org/Event/targetAudience"" ",,
" ""http://schema.org/Event/eligibility"" ",,
" ""http://schema.org/Event/eventTypes"" ",,
" ""http://schema.org/Event/hostInstitutions"" ",,
" ""http://schema.org/Event/scientificTopics"" ",,
" ""http://schema.org/Event/attendee"" ",,
" ""http://schema.org/Event/attendees"" ",,
" ""http://schema.org/Event/logo"" ",,
" ""http://schema.org/Event/summary"" ",,
" ""http://schema.org/Event/mainEntityofPage"" ",,
" ""http://schema.org/Event/additionalType"" ",,
" ""http://schema.org/Event/associatedMedia"" ",,
" ""http://schema.org/Event/capacity"" ",,
" ""http://schema.org/Event/typicalAgeRange"" ",,
" ""http://schema.org/Event/startdate"" ",,
" ""http://schema.org/Event/StartDate"" ",,
" ""http://schema.org/Event/potentialAction"" ",,
" ""http://schema.org/Event/workPerformed"" ",,
" ""http://schema.org/Event/superEvent"" ",,
" ""http://schema.org/Event/geo"" ",,
" ""http://schema.org/Event/map"" ",,
" ""http://schema.org/Event/email"" ",,
" ""http://schema.org/Event/photos"" ",,
" ""http://schema.org/Event/priceRange"" ",,
" ""http://schema.org/Event/isAccessibleForFree"" ",,
" ""http://schema.org/Event/OpeningHoursSpecification"" ",,
" ""http://schema.org/Event/lowPrice"" ",,
" ""http://schema.org/Event/thumbnailUrl"" ",,
" ""http://schema.org/Event/photo"" ",,
" ""http://schema.org/Event/activity"" ",,
" ""http://schema.org/Event/headline"," ,
 http://schema.org/Event/containedIn"" ",
" ""http://schema.org/Event/addressLocality"" ",,
" ""http://schema.org/Event/givenName"" ",,
" ""http://schema.org/Event/jobTitle"" ",,
" ""http://schema.org/Event/worksFor"" ",,
" ""http://schema.org/Event/sponsor"" ",,
" ""http://schema.org/Event/addressCountry"" ",,
" ""http://schema.org/Event/postalCode"" ",,
" ""http://schema.org/Event/streetAddress"" ",,
" ""http://schema.org/Event/inLanguage"" ",,
" ""http://schema.org/Event/teaser"" ",,
" ""http://schema.org/Event/customer"" ",,
" ""http://schema.org/Event/thumbnail"" ",,
" ""http://schema.org/Event/director"" ",,
" ""http://schema.org/Event/eventType"" ",,
" ""http://schema.org/Event/dateCreated"" ",,
" ""http://schema.org/Event/maximumAttendeeCapacity"" ",,
" ""http://schema.org/Event/contentUrl"" ",,
" ""http://schema.org/Event/articleSection"" ",,
" ""http://schema.org/Event/instructor"" ",,
" ""http://schema.org/Event/descripti"" ",,
" ""http://schema.org/Event/remainingAttendeeCapacity"" ",,
" ""http://schema.org/Event/organization"" ",,
" ""http://schema.org/Event/startTime"" ",,
" ""http://schema.org/Event/URL"" ",,
" ""http://schema.org/Event/location.name"" ",,
" ""http://schema.org/Event/location.address"" ",,
" ""http://schema.org/Event/events"" ",,
" ""http://schema.org/Event/event_location"" ",,
" ""http://schema.org/Event/caption"" ",,
" ""http://schema.org/Event/enddate"" ",,
" ""http://schema.org/Event/date"" ",,
" ""http://schema.org/Event/validFrom"" ",,
" ""http://schema.org/Event/mas_info"" ",,
" ""http://schema.org/Event/currency"" ",,
" ""http://schema.org/Event/reviewBody"" ",,
" ""http://schema.org/Event/wordCount"" ",,
" ""http://schema.org/Event/Location"" ",,
" ""http://schema.org/Event/offerurl"" ",,
" ""http://schema.org/Event/hasMap"" ",,
" ""http://schema.org/Event/department"" ",,
" ""http://schema.org/Event/latitude"" ",,
" ""http://schema.org/Event/longitude"" ",,
" ""http://schema.org/Event/interactionCount"" ",,
" ""http://schema.org/Event/cost"" ",,
" ""http://schema.org/Event/more-info"" ",,
" ""http://schema.org/Event/series-name"" ",,
" ""http://schema.org/Event/time"" ",,
" ""http://schema.org/Event/presenter"" ",,
" ""http://schema.org/Event/facets"" ",,
" ""http://schema.org/Event/contact-name"" ",,
" ""http://schema.org/Event/event"" ",,
" ""http://schema.org/Event/actor"" ",,
" ""http://schema.org/Event/autor"" ",,
" ""http://schema.org/Event/custom-contact-name"" ",,
" ""http://schema.org/Event/tel"" ",,
" ""http://schema.org/Event/perfromer"" ",,
" ""http://schema.org/Event/width"" ",,
" ""http://schema.org/Event/height"" ",,
" ""http://schema.org/Event/category"" ",,
" ""http://schema.org/Event/Organization"" ",,
" ""http://schema.org/Event/webcast-url"" ",,
" ""http://schema.org/Event/ratingValue"" ",,
" ""http://schema.org/Event/reviewCount"" ",,
" ""http://schema.org/Event/audience"" ",,
" ""http://schema.org/Event/lastName"" ",,
" ""http://schema.org/Event/composer"" ",,
" ""http://schema.org/Event/totalPrice"" ",,
" ""http://schema.org/Event/itemListElement"" ",,
" ""http://schema.org/Event/pricerange"" ",,
" ""http://schema.org/Event/Openinghours"" ",,
" ""http://schema.org/Event/–"" ",,
" ""http://schema.org/Event/Edmar"" ",,
" ""http://schema.org/Event/jazdy"" ",,
" ""http://schema.org/Event/rab"" ",,
" ""http://schema.org/Event/bus"" ",,
" ""http://schema.org/Event/Rabka"" ",,
" ""http://schema.org/Event/rozkład"" ",,
" ""http://schema.org/Event/Zadar"" ",,
" ""http://schema.org/Event/(Sv."" ",,
" ""http://schema.org/Event/Chryzogona"" ",,
" ""http://schema.org/Event/św."" ",,
" ""http://schema.org/Event/Krsevan)."" ",,
" ""http://schema.org/Event/Kościół"" ",,
" ""http://schema.org/Event/Archeologiczne"" ",,
" ""http://schema.org/Event/Muzej)"" ",,
" ""http://schema.org/Event/(Arheoloski"" ",,
" ""http://schema.org/Event/Muzeum"" ",,
" ""http://schema.org/Event/Donata"" ",,
" ""http://schema.org/Event/Donat)"" ",,
" ""http://schema.org/Event/Katedra"" ",,
" ""http://schema.org/Event/(Katedrala"" ",,
" ""http://schema.org/Event/Anastazji"" ",,
" ""http://schema.org/Event/Sosije)"" ",,
" ""http://schema.org/Event/Sv."" ",,
" ""http://schema.org/Event/w"" ",,
" ""http://schema.org/Event/Wakacje"" ",,
" ""http://schema.org/Event/Rewalu"" ",,
" ""http://schema.org/Event/morzem"" ",,
" ""http://schema.org/Event/Domki"" ",,
" ""http://schema.org/Event/letniskowe"" ",,
" ""http://schema.org/Event/nad"" ",,
" ""http://schema.org/Event/wczasy"" ",,
" ""http://schema.org/Event/Wicie"" ",,
" ""http://schema.org/Event/miejscowość"" ",,
" ""http://schema.org/Event/na"" ",,
" ""http://schema.org/Event/Nowa"" ",,
" ""http://schema.org/Event/Wypoczynek"" ",,
" ""http://schema.org/Event/wodą"" ",,
" ""http://schema.org/Event/Polsce"" ",,
" ""http://schema.org/Event/Jakie"" ",,
" ""http://schema.org/Event/zagraniczne?"" ",,
" ""http://schema.org/Event/tanie"" ",,
" ""http://schema.org/Event/wycieczki"" ",,
" ""http://schema.org/Event/dla"" ",,
" ""http://schema.org/Event/każdego"" ",,
" ""http://schema.org/Event/wordpress"" ",,
" ""http://schema.org/Event/internetowy"" ",,
" ""http://schema.org/Event/portal"" ",,
" ""http://schema.org/Event/Wielotematyczny"" ",,
" ""http://schema.org/Event/Tanie"" ",,
" ""http://schema.org/Event/noclegi"" ",,
" ""http://schema.org/Event/Biebrzańskim"" ",,
" ""http://schema.org/Event/i"" ",,
" ""http://schema.org/Event/Parku"" ",,
" ""http://schema.org/Event/Narodowym"" ",,
" ""http://schema.org/Event/Wieliczka"" ",,
" ""http://schema.org/Event/Łodzie"" ",,
" ""http://schema.org/Event/czarter"" ",,
" ""http://schema.org/Event/motorowe"" ",,
" ""http://schema.org/Event/Grecja"" ",,
" ""http://schema.org/Event/konferencje"" ",,
" ""http://schema.org/Event/Luksusowy"" ",,
" ""http://schema.org/Event/hotele"" ",,
" ""http://schema.org/Event/Kraków"" ",,
" ""http://schema.org/Event/hotel"" ",,
" ""http://schema.org/Event/Warszawa"" ",,
" ""http://schema.org/Event/Barcelona"" ",,
" ""http://schema.org/Event/do"" ",,
" ""http://schema.org/Event/Loty"" ",,
" ""http://schema.org/Event/Barcelony"" ",,
" ""http://schema.org/Event/loty"" ",,
" ""http://schema.org/Event/Nowy"" ",,
" ""http://schema.org/Event/Jork"" ",,
" ""http://schema.org/Event/Wyjazdy"" ",,
" ""http://schema.org/Event/narciarskie"" ",,
" ""http://schema.org/Event/Kwatery"" ",,
" ""http://schema.org/Event/Sanok"" ",,
" ""http://schema.org/Event/Biebrzą"" ",,
" ""http://schema.org/Event/prywatne"" ",,
" ""http://schema.org/Event/Stavanger"" ",,
" ""http://schema.org/Event/Gdańsk"" ",,
" ""http://schema.org/Event/Manchester"" ",,
" ""http://schema.org/Event/wakacje"" ",,
" ""http://schema.org/Event/Bezpieczne"" ",,
" ""http://schema.org/Event/wypoczynek"" ",,
" ""http://schema.org/Event/tani"" ",,
" ""http://schema.org/Event/atrakcje"" ",,
" ""http://schema.org/Event/Kłodzka"" ",,
" ""http://schema.org/Event/Kotlina"" ",,
" ""http://schema.org/Event/Atrakcje"" ",,
" ""http://schema.org/Event/Agroturystyka"" ",,
" ""http://schema.org/Event/agroturystyka"" ",,
" ""http://schema.org/Event/Lubelskie"" ",,
" ""http://schema.org/Event/Wrocław"" ",,
" ""http://schema.org/Event/centrum"" ",,
" ""http://schema.org/Event/góry"" ",,
" ""http://schema.org/Event/Noclegi"" ",,
" ""http://schema.org/Event/Zakopane"" ",,
" ""http://schema.org/Event/Karpacz"" ",,
" ""http://schema.org/Event/morza"" ",,
" ""http://schema.org/Event/Władysławowo"" ",,
" ""http://schema.org/Event/tanio"" ",,
" ""http://schema.org/Event/blisko"" ",,
" ""http://schema.org/Event/Wisła"" ",,
" ""http://schema.org/Event/Pokoje"" ",,
" ""http://schema.org/Event/Bałtyckim"" ",,
" ""http://schema.org/Event/Morzem"" ",,
" ""http://schema.org/Event/Hong"" ",,
" ""http://schema.org/Event/Kong"" ",,
" ""http://schema.org/Event/Rzeszów"" ",,
" ""http://schema.org/Event/Oslo"" ",,
" ""http://schema.org/Event/Teneryfe"" ",,
" ""http://schema.org/Event/spadochronowe"" ",,
" ""http://schema.org/Event/AFF"" ",,
" ""http://schema.org/Event/szkolenia"" ",,
" ""http://schema.org/Event/Kursy"" ",,
" ""http://schema.org/Event/Formalności"" ",,
" ""http://schema.org/Event/dotyczącej"" ",,
" ""http://schema.org/Event/Mazury"" ",,
" ""http://schema.org/Event/Miedzyzdroje"" ",,
" ""http://schema.org/Event/górach"" ",,
" ""http://schema.org/Event/Hotel"" ",,
" ""http://schema.org/Event/Bilety"" ",,
" ""http://schema.org/Event/lotnicze"" ",,
" ""http://schema.org/Event/Apartamenty"" ",,
" ""http://schema.org/Event/Łóżka"" ",,
" ""http://schema.org/Event/hotelowe"" ",,
" ""http://schema.org/Event/Majorke"" ",,
" ""http://schema.org/Event/Gdańsku"" ",,
" ""http://schema.org/Event/Hotele"" ",,
" ""http://schema.org/Event/eventId/googleCalendar"" ",,
" ""http://schema.org/Event/datePosted"" ",,
" ""http://schema.org/Event/kraków"" ",,
" ""http://schema.org/Event/rabka"" ",,
" ""http://schema.org/Event/zdrój"" ",,
" ""http://schema.org/Event/pl"" ",,
" ""http://schema.org/Event/busy"" ",,
" ""http://schema.org/Event/krakow"" ",,
" ""http://schema.org/Event/targ"" ",,
" ""http://schema.org/Event/nowy"" ",,
" ""http://schema.org/Event/edmar"" ",,
" ""http://schema.org/Event/Date"" ",,
" ""http://schema.org/Event/PostalAddress"" ",,
" ""http://schema.org/Event/mealName"" ",,
" ""http://schema.org/Event/homeTeam"" ",,
" ""http://schema.org/Event/awayTeam"" ",,
" ""http://schema.org/image"" ",,
" ""http://schema.org/url"" ",,
" ""http://schema.org/Event/busów"" ",,
" ""http://schema.org/Event/z"" ",,
" ""http://schema.org/Event/krakowa"" ",,
" ""http://schema.org/Event/rabki"" ",,
" ""http://schema.org/Event/breadcrumb"" ",,
" ""http://schema.org/Event/subevent"" ",,
" ""http://schema.org/Event/genre"" ",,
" ""http://schema.org/Event/contentURL"" ",,
" ""http://schema.org/Event/Name"" ",,
" ""http://schema.org/Event/contributor"" ",,
" ""http://schema.org/Event/photograph"" ",,
" ""http://schema.org/Event/”performers”"" ",,
" ""http://schema.org/Event/”startDate”"" ",,
" ""http://schema.org/Event/action"" ",,
" ""http://schema.org/Event/mainContentOfPage"" ",,
" ""http://schema.org/Event/widgetBody"" ",,
" ""http://schema.org/Event/eventBody"" ",,
" ""http://schema.org/Event/servicePhone"" ",,
" ""http://schema.org/Event/faxNumber"" ",,
" ""http://schema.org/Event/img"" ",,
" ""http://schema.org/Event/preamble"" ",,
" ""http://schema.org/Event/maps"" ",,
" ""http://schema.org/Event/schedule"" ",,
" ""http://schema.org/Event/start_time"" ",,
" ""http://schema.org/Event/end_time"" ",,
" ""http://schema.org/Event/Time"" ",,
" ""http://schema.org/Event/Offers"" ",,
" ""http://schema.org/Event/EndDate"" ",,
" ""http://schema.org/Event/doortime"" ",,
" ""http://schema.org/Event/comment"" ",,
" ""http://schema.org/Event/commentCount"" ",,
" ""http://schema.org/Event/endTime"" ",,
" ""http://schema.org/Event/weekday="" ",,
" ""http://schema.org/Event/performerIn"" ",,
" ""http://schema.org/Event/trailer"" ",,
" ""http://schema.org/Event/endtDate"" ",,
" ""http://schema.org/Event/rating"" ",,
" ""http://schema.org/Event/openingHoursSpecification"" ",,
" ""http://schema.org/Event/uploadDate"" ",,
" ""http://schema.org/Event/copyrightHolder"" ",,
" ""http://schema.org/Event/creator"" ",,
" ""http://schema.org/Event/copyrightYear"" ",,
" ""http://schema.org/Event/location-url"" ",,
" ""http://schema.org/Event/encoding"" ",,
" ""http://schema.org/Event/opens"" ",,
" ""http://schema.org/Event/openingHours"" ",,
" ""http://schema.org/Event/closes"" ",,
" ""http://schema.org/AggregateRating"" ",,
" ""http://schema.org/Event/sameAS"" ",,
" ""http://schema.org/Event/offerCount"" ",,
" ""http://schema.org/Event/funder"" ",,
" ""http://schema.org/Event/paymentAccepted"" ",,
" ""http://schema.org/Event/blogPost"" ",,
" ""http://schema.org/Event/'name'"" ",,
" ""http://schema.org/Event/'description'"" ",,
" ""http://schema.org/Event/e-mail"" ",,
" ""http://schema.org/Event/Place"" ",,
" ""http://schema.org/Event/body"" ",,
" ""http://schema.org/Event/texte"" ",,
" ""http://schema.org/Event/addOn"" ",,
" ""http://schema.org/Event/validThrough"" ",,
" ""http://schema.org/Event/DailyTime"" ",,
" ""http://schema.org/Event/subEvents"" ",,
" ""http://schema.org/Event/dayTrail"" ",,
" ""http://schema.org/Event/honorificPrefix"" ",,
" ""http://schema.org/Event/familyName"" ",,
" ""http://schema.org/Event/nomLieu"" ",,
" ""http://schema.org/Event/discussionUrl"" ",,
" ""http://schema.org/Event/describtion"" ",,
" ""http://schema.org/Event/event__title"" ",,
" ""http://schema.org/Event/serviceURL"" ",,
" ""http://schema.org/Event/directionsName"" ",,
" ""http://schema.org/Event/directionsURL"" ",,
" ""http://schema.org/Event/bestRating"" ",,
" ""http://schema.org/Event/ratingCount"" ",,
" ""http://schema.org/Event/worstRating"" ",,
" ""http://schema.org/Event/и"" ",,
" ""http://schema.org/Event/Фэншуй"" ",,
" ""http://schema.org/Event/питание"" ",,
" ""http://schema.org/Event/к"" ",,
" ""http://schema.org/Event/специалисту»"" ",,
" ""http://schema.org/Event/АНОНС"" ",,
" ""http://schema.org/Event/Программы"" ",,
" ""http://schema.org/Event/«5"" ",,
" ""http://schema.org/Event/вопросов"" ",,
" ""http://schema.org/Event/эзотерики"" ",,
" ""http://schema.org/Event/самопознания"" ",,
" ""http://schema.org/Event/PROmagic"" ",,
" ""http://schema.org/Event/магии"" ",,
" ""http://schema.org/Event/Фестиваль"" ",,
" ""http://schema.org/Event/2019"" ",,
" ""http://schema.org/Event/20"" ",,
" ""http://schema.org/Event/РАВНОДЕНСТВИЕ"" ",,
" ""http://schema.org/Event/марта"" ",,
" ""http://schema.org/Event/ВЕСЕННЕЕ"" ",,
" ""http://schema.org/Event/правда"" ",,
" ""http://schema.org/Event/вымысел"" ",,
" ""http://schema.org/Event/Go:"" ",,
" ""http://schema.org/Event/Pokemon"" ",,
" ""http://schema.org/Event/Performer"" ",,
" ""http://schema.org/Event/availabilityEnds"" ",,
" ""http://schema.org/Event/availabilityStarts"" ",,
" ""http://schema.org/Event/offerS"" ",,
" ""http://schema.org/Event/offeredBy"" ",,
" ""http://schema.org/Location"" ",,
" ""http://schema.org/Date"" ",,
" ""http:/schema.orgSponsor"" ",,
" ""http://schema.org/Event/offer"" ",,
" ""http://schema.org/Event/privilege"" ",,
" ""http://schema.org/Event/ContactPoint"" ",,
" ""http://schema.org/Event/Image"" ",,
" ""http://schema.org/Event/Keywords"" ",,
" ""http://schema.org/Event/citation"" ",,
" ""http://xmlns.com/foaf/0.1/name"" ",,
" ""http://schema.org/Event/exhibitor"" ",,
" ""http://schema.org/Event/type"" ",,
" ""http://schema.org/Event/organiser"" ",,
" ""http://schema.org/Event/mapType"" ",,
" ""http://schema.org/Event/person"" ",,
" ""http://schema.org/Event/relatedLink"" ",,
" ""http://schema.org/Event/HasAudioVideo"" ",,
" ""http://schema.org/Event/IsPastEvent"" ",,
" ""http://schema.org/Event/ScientificAreas"" ",,
" ""http://schema.org/Event/RelatedEvents"" ",,
" ""http://schema.org/Event/Audience"" ",,
" ""http://schema.org/Event/Series"" ",,
" ""http://schema.org/Event/RelatedTopics"" ",,
" ""http://schema.org/Event/EventTypes"" ",,
" ""http://schema.org/Event/affiliation"" ",,
" ""http://schema.org/Event/fax"" ",,
" ""http://schema.org/Event/emdDate"" ",,
" ""http://schema.org/Event/credit"" ",,
" ""http://schema.org/Event/Duration"" ",,
" ""http://schema.org/Event/starteDate"" ",,
" ""http://schema.org/Event/content"" ",,
" ""http://schema.org/Event/owns"" ",,
" ""http://schema.org/Event/potentialaction"" ",,
" ""http://schema.org/Event/primaryImageOfPage"" ",,
" ""http://schema.org/Event/subjectOf"" ",,
" ""http://schema.org/Event/Startdate"" ",,
" ""http://schema.org/Event/validfrom"" ",,
" ""http://schema.org/Event/place"" ",,
" ""http://schema.org/Event/reviewRating"" ",,
" ""http://schema.org/Event/08:00"" ",,
" ""http://schema.org/Event/17-04-14"" ",,
" ""http://schema.org/Event/17-03-26"" ",,
" ""http://schema.org/Event/09:30"" ",,
" ""http://schema.org/Event/17-05-06"" ",,
" ""http://schema.org/Event/02:42"" ",,
" ""http://schema.org/Event/01:11"" ",,
" ""http://schema.org/Event/02:37"" ",,
" ""http://schema.org/Event/مساءً"" ",,
" ""http://schema.org/Event/02:39"" ",,
" ""http://schema.org/Event/17-04-22"" ",,
" ""http://schema.org/Event/17-07-15"" ",,
" ""http://schema.org/Event/17-02-20"" ",,
" ""http://schema.org/Event/17-03-12"" ",,
" ""http://schema.org/Event/12:38"" ",,
" ""http://schema.org/Event/16-09-29"" ",,
" ""http://schema.org/Event/11:00"" ",,
" ""http://schema.org/Event/17-04-29"" ",,
" ""http://schema.org/Event/17-06-09"" ",,
" ""http://schema.org/Event/09:00"" ",,
" ""http://schema.org/Event/10:30"" ",,
" ""http://schema.org/Event/17-02-01"" ",,
" ""http://schema.org/Event/17-02-23"" ",,
" ""http://schema.org/Event/06:30"" ",,
" ""http://schema.org/Event/17-07-17"" ",,
" ""http://schema.org/Event/17-02-26"" ",,
" ""http://schema.org/Event/17-02-04"" ",,
" ""http://schema.org/Event/09:41"" ",,
" ""http://schema.org/Event/16-11-03"" ",,
" ""http://schema.org/Event/05:00"" ",,
" ""http://schema.org/Event/09:25"" ",,
" ""http://schema.org/Event/16-11-05"" ",,
" ""http://schema.org/Event/02:35"" ",,
" ""http://schema.org/Event/16-10-14"" ",,
" ""http://schema.org/Event/16-11-04"" ",,
" ""http://schema.org/Event/01:22"" ",,
" ""http://schema.org/Event/06:29"" ",,
" ""http://schema.org/Event/صباحًا"" ",,
" ""http://schema.org/Event/16-09-30"" ",,
" ""http://schema.org/Event/17-05-01"" ",,
" ""http://schema.org/Event/17-03-20"" ",,
" ""http://schema.org/Event/17-07-26"" ",,
" ""http://schema.org/Event/17-07-05"" ",,
" ""http://schema.org/Event/10:02"" ",,
" ""http://schema.org/Event/asymetryczne"" ",,
" ""http://schema.org/Event/zagrożenie"" ",,
" ""http://schema.org/Event/przestępczość"" ",,
" ""http://schema.org/Event/zorganizowana"" ",,
" ""http://schema.org/Event/Transgraniczna"" ",,
" ""http://schema.org/Event/AGENCJA"" ",,
" ""http://schema.org/Event/WYWIADU"" ",,
" ""http://schema.org/Event/PROKURATURA"" ",,
" ""http://schema.org/Event/Przestępczość"" ",,
" ""http://schema.org/Event/Rosji"" ",,
" ""http://schema.org/Event/zorganizowanej"" ",,
" ""http://schema.org/Event/przestępczości"" ",,
" ""http://schema.org/Event/Historia"" ",,
" ""http://schema.org/Event/Prawnik"" ",,
" ""http://schema.org/Event/Zielona"" ",,
" ""http://schema.org/Event/Prawna"" ",,
" ""http://schema.org/Event/Pisz"" ",,
" ""http://schema.org/Event/Góra"," ,
 http://schema.org/Event/Kancelaria"" ",
" ""http://schema.org/Event/prawna"" ",,
" ""http://schema.org/Event/Pisz"," ,
 http://schema.org/Event/firm"" ",
" ""http://schema.org/Event/Obsługa"" ",,
" ""http://schema.org/Event/Katowice"" ",,
" ""http://schema.org/Event/adwokacka"" ",,
" ""http://schema.org/Event/Góra"" ",,
" ""http://schema.org/Event/radcy"" ",,
" ""http://schema.org/Event/prawnego"" ",,
" ""http://schema.org/Event/Gdynia"" ",,
" ""http://schema.org/Event/Gorzów"" ",,
" ""http://schema.org/Event/ludzi"" ",,
" ""http://schema.org/Event/rządzących"" ",,
" ""http://schema.org/Event/krajem"" ",,
" ""http://schema.org/Event/Sukces"" ",,
" ""http://schema.org/Event/notarialna"" ",,
" ""http://schema.org/Event/prawny"" ",,
" ""http://schema.org/Event/Legnica"" ",,
" ""http://schema.org/Event/Radca"" ",,
" ""http://schema.org/Event/Słupsk"" ",,
" ""http://schema.org/Event/podatkowy"" ",,
" ""http://schema.org/Event/Doradca"" ",,
" ""http://schema.org/Event/Łódź"" ",,
" ""http://schema.org/Event/przekazać"" ",,
" ""http://schema.org/Event/darowiznę?"" ",,
" ""http://schema.org/Event/Jak"" ",,
" ""http://schema.org/Event/Adwokat"" ",,
" ""http://schema.org/Event/rozwodowy"" ",,
" ""http://schema.org/Event/Notariusz"" ",,
" ""http://schema.org/Event/Agencja"" ",,
" ""http://schema.org/Event/detektywistyczna"" ",,
" ""http://schema.org/Event/Windykacja"" ",,
" ""http://schema.org/Event/polubowna"" ",,
" ""http://schema.org/Event/Zabrze"" ",,
" ""http://schema.org/Event/org"" ",,
" ""http://schema.org/Event/phone"" ",,
" ""http://schema.org/Event/locality"" ",,
" ""http://schema.org/Event/isbn"" ",,
" ""http://schema.org/Event/dateCreation"" ",,
" ""http://schema.org/Event/distance"" ",,
" ""http://schema.org/Event/contact_presse_mail_93"" ",,
" ""http://schema.org/Event/contact_presse_nom_91"" ",,
" ""http://schema.org/Event/intervenants_10"" ",,
" ""http://schema.org/Event/type_evenement_1"" ",,
" ""http://schema.org/Event/contact_presse_tel_92"" ",,
" ""http://schema.org/Event/lieu_siteinternet_73"" ",,
" ""http://schema.org/Event/endDat"" ",,
" ""http://schema.org/Event/contentLocation"" ",,
" ""http://schema.org/Event/reviews"" ",,
" ""http://schema.org/Event/topic"" ",,
" ""http://schema.org/description"" ",,
" ""http://schema.org/name"" ",,
" ""http://schema.org/startDate"" ",,
" ""http://schema.org/endDate"" ",,
" ""http://schema.org/alternateName"" ",,
" ""http://schema.org/Event/06-12-2012"" ",,
" ""http://schema.org/Event/11:46"" ",,
" ""http://schema.org/Event/streetaddress"" ",,
" ""http://schema.org/Event/tracks"" ",,
" ""http://schema.org/Event/details"" ",,
" ""http://schema.org/Event/descript"" ",,
" ""http://schema.org/Event/website"" ",,
" ""http://schema.org/Event/position"" ",,
" ""http://schema.org/Event/public_11"" ",,
" ""http://schema.org/Event/contact_mail_83"" ",,
" ""http://schema.org/Event/contact_tel_82"" ",,
" ""http://schema.org/Event/contact_nom_81"" ",,
" ""http://schema.org/Event/hostInstitution"" ",,
" ""http://schema.org/Event/imagen"" ",,
" ""http://schema.org/Event/registrationStatus"" ",,
" ""http://schema.org/Event/d"" ",,
" ""http://schema.org/Event/subtitle"" ",,
" ""http://schema.org/Event/dateTime"" ",,
" ""http://schema.org/Event/1429-07-17"" ",,
" ""http://schema.org/Event/1429-04-04"" ",,
" ""http://schema.org/Event/1432-04-23"" ",,
" ""http://schema.org/Event/1429-07-14"" ",,
" ""http://schema.org/Event/05:30"" ",,
" ""http://schema.org/Event/1429-07-16"" ",,
" ""http://schema.org/Event/1429-08-06"" ",,
" ""http://schema.org/Event/1429-07-15"" ",,
" ""http://schema.org/Event/06:00"" ",,
" ""http://schema.org/Event/1430-02-26"" ",,
" ""http://schema.org/Event/1433-07-30"" ",,
" ""http://schema.org/Event/1433-08-22"" ",,
" ""http://schema.org/Event/1433-08-04"" ",,
" ""http://schema.org/Event/08:30"" ",,
" ""http://schema.org/Event/1432-05-03"" ",,
" ""http://schema.org/Event/1429-03-05"" ",,
" ""http://schema.org/Event/1429-07-02"" ",,
" ""http://schema.org/Event/1429-08-17"" ",,
" ""http://schema.org/Event/1433-12-08"" ",,
" ""http://schema.org/Event/1433-10-03"" ",,
" ""http://schema.org/Event/1430-07-28"" ",,
" ""http://schema.org/Event/1433-08-11"" ",,
" ""http://schema.org/Event/1432-12-02"" ",,
" ""http://schema.org/Event/1429-08-02"" ",,
" ""http://schema.org/Event/1433-08-18"" ",,
" ""http://schema.org/Event/10:00"" ",,
" ""http://schema.org/Event/1433-07-29"" ",,
" ""http://schema.org/Event/competition"" ",,
" ""http://schema.org/Event/broadcastOfEvent"" ",,
" ""http://schema.org/Event/ravitaillement"" ",,
" ""http://schema.org/Event/with"" ",,
" ""http://schema.org/Event/Syrup"" ",,
" ""http://schema.org/Event/Sticky"" ",,
" ""http://schema.org/Event/Golden"" ",,
" ""http://schema.org/Event/Butter"" ",,
" ""http://schema.org/Event/Mini"" ",,
" ""http://schema.org/Event/Loaf"" ",,
" ""http:/schema.orgstartDate"" ",,
" ""http://schema.org/Event/Address"" ",,
" ""http://schema.org/Event/Bo"" ",,
" ""http://schema.org/Event/and"" ",,
" ""http://schema.org/Event/Sausage"," ,
 http://schema.org/Event/Bia"" ",
" ""http://schema.org/Event/Spring"" ",,
" ""http://schema.org/Event/Rolls"" ",,
" ""http://schema.org/Event/Egg"" ",,
" ""http://schema.org/Event/Chinese"" ",,
" ""http://schema.org/Event/Vietnamese"" ",,
" ""http://schema.org/Event/Jicama"" ",,
" ""http://schema.org/Event/Soup"" ",,
" ""http://schema.org/Event/Sour"" ",,
" ""http://schema.org/Event/Chua"" ",,
" ""http://schema.org/Event/Prawn"" ",,
" ""http://schema.org/Event/Canh"" ",,
" ""http://schema.org/Event/Tôm"" ",,
" ""http://schema.org/Event/Dumplings"" ",,
" ""http://schema.org/Event/Homemade"" ",,
" ""http://schema.org/Event/Easy"" ",,
" ""http://schema.org/Event/inventoryLevel"" ",,
" ""http://schema.org/Event/orginizer"" ",,
" ""http://schema.org/Event/stopDate"" ",,
" ""http://schema.org/Event/containedInPlace"" ",,
" ""http://schema.org/Event/Date-Location"" ",,
" ""http://schema.org/Event/Spremberg"" ",,
" ""http://schema.org/Event/isFamilyFriendly"" ",,
" ""http://schema.org/Event/descriptio"" ",,
" ""http://schema.org/Event/loc"" ",,
" ""http://schema.org/Event/numberOfPages"" ",,
" ""http://schema.org/Event/GRANICZNA"" ",,
" ""http://schema.org/Event/STRAŻ"" ",,
" ""http://schema.org/Event/polsce"" ",,
" ""http://schema.org/Event/statystyki"" ",,
" ""http://schema.org/Event/definicja"" ",,
" ""http://schema.org/Event/Pojęcie"" ",,
" ""http://schema.org/Event/we"" ",,
" ""http://schema.org/Event/Włoszech"" ",,
" ""http://schema.org/Event/Chorzów"," ,
 http://schema.org/Event/Konin"," ,
 http://schema.org/Event/Oława"" "
" ""http://schema.org/Event/Dla"" ",,
" ""http://schema.org/Event/polecić"" ",,
" ""http://schema.org/Event/zostanie"" ",,
" ""http://schema.org/Event/kogo"" ",,
" ""http://schema.org/Event/można"" ",,
" ""http://schema.org/Event/prawnikiem?"" ",,
" ""http://schema.org/Event/Praca"" ",,
" ""http://schema.org/Event/policji"" ",,
" ""http://schema.org/Event/pomysł?"" ",,
" ""http://schema.org/Event/dobry"" ",,
" ""http://schema.org/Event/Londyn"" ",,
" ""http://schema.org/Event/Bezpłatna"" ",,
" ""http://schema.org/Event/porada"" ",,
" ""http://schema.org/Event/Pieniądze"" ",,
" ""http://schema.org/Event/pod"" ",,
" ""http://schema.org/Event/stałą"" ",,
" ""http://schema.org/Event/inspekcją"" ",,
" ""http://schema.org/Event/Szczecin"" ",,
" ""http://schema.org/Event/sprawy"" ",,
" ""http://schema.org/Event/rodzinne"" ",,
" ""http://schema.org/Event/środowiska"" ",,
" ""http://schema.org/Event/Ochrona"" ",,
" ""http://schema.org/Event/kancelaria"" ",,
" ""http://schema.org/Event/zamówienie"" ",,
" ""http://schema.org/Event/CV"" ",,
" ""http://schema.org/Event/Poznań"" ",,
" ""http://schema.org/Event/odszkodowania"" ",,
" ""http://schema.org/Event/Lublin"" ",,
" ""http://schema.org/Event/Patent"" ",,
" ""http://schema.org/Event/płace"" ",,
" ""http://schema.org/Event/Kadry"" ",,
" ""http://schema.org/Event/Rozwód"" ",,
" ""http://schema.org/Event/należności"" ",,
" ""http://schema.org/Event/priceSpecification"" ",,
" ""http://schema.org/Event/minPrice"" ",,
" ""http://schema.org/Event/maxPrice"" ",,
" ""http://schema.org/Event/event-title"" ",,
" ""http://schema.org/Event/04:30"" ",,
" ""http://schema.org/Event/06-17-2017"" ",,
" ""http://schema.org/Event/EventStatus"" ",,
" ""http://schema.org/Event/1431-07-22"" ",,
" ""http://schema.org/Event/1428-07-10"" ",,
" ""http://schema.org/Event/03:53"" ",,
" ""http://schema.org/Event/1428-07-04"" ",,
" ""http://schema.org/Event/eventSection"" ",,
" ""http://schema.org/Event/loca"" ",,
" ""http://schema.org/Event/zimę"" ",,
" ""http://schema.org/Event/Kozaki"" ",,
" ""http://schema.org/Event/Parasol"" ",,
" ""http://schema.org/Event/lato"" ",,
" ""http://schema.org/Event/wiosnę"" ",,
" ""http://schema.org/Event/Spódnica"" ",,
" ""http://schema.org/Event/damska"" ",,
" ""http://schema.org/Event/Luksusowe"" ",,
" ""http://schema.org/Event/‚things’"" ",,
" ""http://schema.org/Event/rzeczy"" ",,
" ""http://schema.org/Event/nie"" ",,
" ""http://schema.org/Event/signEndDate"" ",,
" ""http://schema.org/Event/previousStartDate"" ",,
" ""http://schema.org/Event/dtstart"" ",,
" ""http://schema.org/Event/09-23-2018"" ",,
" ""http://schema.org/Event/06:27"" ",,
" ""http://schema.org/Event/short_desc"" ",,
" ""http://schema.org/Event/interactionStatistic"" ",,
" ""http://schema.org/Event/member"" ",,
" ""http://schema.org/Event/lo"" ",,
" ""http://schema.org/Event/finishDate"" ",,
" ""http://schema.org/Event/CELNA"" ",,
" ""http://schema.org/Event/SŁUŻBA"" ",,
" ""http://schema.org/Event/BEZPIECZEŃSTWA"" ",,
" ""http://schema.org/Event/WEWNĘTRZNEGO"" ",,
" ""http://schema.org/Event/polskich"" ",,
" ""http://schema.org/Event/przestępczych"" ",,
" ""http://schema.org/Event/Charakterystyka"" ",,
" ""http://schema.org/Event/grup"" ",,
" ""http://schema.org/Event/Szwajcarii"" ",,
" ""http://schema.org/Event/aby"" ",,
" ""http://schema.org/Event/znaleźć"" ",,
" ""http://schema.org/Event/zrobić"," ,
 http://schema.org/Event/niezłą"" ",
" ""http://schema.org/Event/pracę?"" ",,
" ""http://schema.org/Event/Co"" ",,
" ""http://schema.org/Event/móc"" ",,
" ""http://schema.org/Event/wypadek"" ",,
" ""http://schema.org/Event/za"" ",,
" ""http://schema.org/Event/Odszkodowanie"" ",,
" ""http://schema.org/Event/pracy"" ",,
" ""http://schema.org/Event/języka"" ",,
" ""http://schema.org/Event/angielskiego"" ",,
" ""http://schema.org/Event/Tłumacz"" ",,
" ""http://schema.org/Event/przysięgły"" ",,
" ""http://schema.org/Event/kierowców"" ",,
" ""http://schema.org/Event/Ośrodek"" ",,
" ""http://schema.org/Event/śmiertelny"" ",,
" ""http://schema.org/Event/Bydgoszcz"" ",,
" ""http://schema.org/Event/rozwody"" ",,
" ""http://schema.org/Event/Notarialna"" ",,
" ""http://schema.org/Event/majątkowy"" ",,
" ""http://schema.org/Event/Rzeczoznawca"" ",,
" ""http://schema.org/Event/Jesionowa"" ",,
" ""http://schema.org/Event/detektyw"" ",,
" ""http://schema.org/Event/Prywatny"" ",,
" ""http://schema.org/Event/Śrem"" ",,
" ""http://schema.org/Event/Bezpłatne"" ",,
" ""http://schema.org/Event/podatkowe"" ",,
" ""http://schema.org/Event/formularze"" ",,
" ""http://schema.org/Event/biznesowe"" ",,
" ""http://schema.org/Event/Szkolenia"" ",,
" ""http://schema.org/Event/podatkowa"" ",,
" ""https://schema.org/Event/name"" ",,
" ""https://schema.org/Event/Description"" ",,
" ""https://schema.org/Event/startDate"" ",,
" ""https://schema.org/Event/image"" ",,
" ""https://schema.org/Event/endDate"" ",,
" ""https://schema.org/Event/typicalAgeRange"" ",,
" ""https://schema.org/Event/description"" ",,
" ""https://schema.org/Event/doorTime"" ",,
" ""https://schema.org/Event/offers"" ",,
" ""https://schema.org/Event/location"" ",,
" ""https://schema.org/Event/url"" ",,
" ""https://schema.org/Event/duration"" ",,
" ""https://schema.org/Event/organizer"" ",,
" ""https://schema.org/Event/width"" ",,
" ""https://schema.org/Event/height"" ",,
" ""https://schema.org/Event/subEvent"" ",,
" ""https://schema.org/Event/headline"" ",,
" ""https://schema.org/Event/eventStatus"" ",,
" ""https://schema.org/Event/about"" ",,
" ""https://schema.org/Event/associatedMedia"" ",,
" ""http://schema.org/EventVenue/name"" ",,
" ""http://schema.org/EventVenue/containedIn"" ",,
" ""http://schema.org/EventVenue/url"" ",,
" ""http://schema.org/EventVenue/address"" ",,
" ""http://schema.org/EventVenue/geo"" ",,
" ""http://schema.org/EventVenue/image"" ",,
" ""http://schema.org/EventVenue/endDate"" ",,
" ""http://schema.org/EventVenue/location"" ",,
" ""http://schema.org/EventVenue/event"" ",,
" ""http://schema.org/EventVenue/startDate"" ",,
" ""http://schema.org/EventVenue/telephone"" ",,
" ""http://schema.org/EventVenue/maps"" ",,
" ""http://schema.org/EventVenue/events"" ",,
" ""http://schema.org/EventVenue/description"" ",,
" ""http://schema.org/EventVenue/hasMap"" ",,
" ""http://schema.org/EventVenue/aggregateRating"" ",,
" ""http://schema.org/EventVenue/photo"" ",,
" ""http://schema.org/EventVenue/addressregion"" ",,
" ""http://schema.org/EventVenue/addresslocality"" ",,
" ""http://schema.org/EventVenue/streetAddress"" ",,
" ""http://schema.org/EventVenue/addressLocality"" ",,
" ""http://schema.org/EventVenue/postalCode"" ",,
" ""http://schema.org/EventVenue/sameAs"" ",,
" ""http://schema.org/EventVenue/logo"" ",,
" ""http://schema.org/EventVenue/additionalType"" ",,
" ""http://schema.org/EventVenue/review"" ",,
" ""http://schema.org/MusicEvent/offers"" ",,
" ""http://schema.org/MusicEvent/name"" ",,
" ""http://schema.org/MusicEvent/startDate"" ",,
" ""http://schema.org/MusicEvent/location"" ",,
" ""http://schema.org/MusicEvent/url"" ",,
" ""http://schema.org/MusicEvent/performer"" ",,
" ""http://schema.org/MusicEvent/image"" ",,
" ""http://schema.org/MusicEvent/endDate"" ",,
" ""http://schema.org/MusicEvent/description"" ",,
" ""http://schema.org/MusicEvent/subEvent"" ",,
" ""http://schema.org/MusicEvent/eventStatus"" ",,
" ""http://schema.org/MusicEvent/geo"" ",,
" ""http://schema.org/MusicEvent/address"" ",,
" ""http://schema.org/MusicEvent/duration"" ",,
" ""http://schema.org/MusicEvent/workPerformed"" ",,
" ""http://schema.org/MusicEvent/offerurl"" ",,
" ""http://schema.org/MusicEvent/organizer"" ",,
" ""http://schema.org/MusicEvent/doorTime"" ",,
" ""http://schema.org/BusinessEvent/endDate"" ",,
" ""http://schema.org/BusinessEvent/url"" ",,
" ""http://schema.org/BusinessEvent/name"" ",,
" ""http://schema.org/BusinessEvent/description"" ",,
" ""http://schema.org/BusinessEvent/startDate"" ",,
" ""http://schema.org/BusinessEvent/duration"" ",,
" ""http://schema.org/BusinessEvent/subEvent"" ",,
" ""http://schema.org/BusinessEvent/location"" ",,
" ""http://schema.org/BusinessEvent/image"" ",,
" ""http://schema.org/BusinessEvent/alternateName"" ",,
" ""http://schema.org/BusinessEvent/doorTime"" ",,
" ""http://schema.org/BusinessEvent/subEvents"" ",,
" ""http://schema.org/SportsEvent/endDate"" ",,
" ""http://schema.org/SportsEvent/competitor"" ",,
" ""http://schema.org/SportsEvent/description"" ",,
" ""http://schema.org/SportsEvent/name"" ",,
" ""http://schema.org/SportsEvent/startDate"" ",,
" ""http://schema.org/SportsEvent/url"" ",,
" ""http://schema.org/SportsEvent/location"" ",,
" ""http://schema.org/SportsEvent/image"" ",,
" ""http://schema.org/SportsEvent/offers"" ",,
" ""http://schema.org/SportsEvent/superEvent"" ",,
" ""http://schema.org/SportsEvent/awayTeam"" ",,
" ""http://schema.org/SportsEvent/homeTeam"" ",,
" ""http://schema.org/SportsEvent/organizer"" ",,
" ""http://schema.org/SportsEvent/summary"" ",,
" ""http://schema.org/SportsEvent/category"" ",,
" ""http://schema.org/SportsEvent/performer"" ",,
" ""http://schema.org/SportsEvent/review"" ",,
" ""http://schema.org/SportsEvent/subjectOf"" ",,
" ""http://schema.org/SportsEvent/duration"" ",,
" ""http://schema.org/SportsEvent/subEvent"" ",,
" ""http://schema.org/SportsEvent/address"" ",,
" ""http://schema.org/EducationEvent/endDate"" ",,
" ""http://schema.org/EducationEvent/name"" ",,
" ""http://schema.org/EducationEvent/description"" ",,
" ""http://schema.org/EducationEvent/location"" ",,
" ""http://schema.org/EducationEvent/url"" ",,
" ""http://schema.org/EducationEvent/startDate"" ",,
" ""http://schema.org/EducationEvent/image"" ",,
" ""http://schema.org/EducationEvent/offers"" ",,
" ""http://schema.org/EducationEvent/geo"" ",,
" ""http://schema.org/EducationEvent/address"" ",,
" ""http://schema.org/EducationEvent/duration"" ",,
" ""http://schema.org/EducationEvent/performer"" ",,
" ""http://schema.org/EducationEvent/subEvent"" ",,
" ""http://schema.org/EducationEvent/attendee"" ",,
" ""http://schema.org/EducationEvent/workPerformed"" ",,
" ""http://schema.org/TheaterEvent/description"" ",,
" ""http://schema.org/TheaterEvent/image"" ",,
" ""http://schema.org/TheaterEvent/offers"" ",,
" ""http://schema.org/TheaterEvent/eventStatus"" ",,
" ""http://schema.org/TheaterEvent/endDate"" ",,
" ""http://schema.org/TheaterEvent/name"" ",,
" ""http://schema.org/TheaterEvent/location"" ",,
" ""http://schema.org/TheaterEvent/url"" ",,
" ""http://schema.org/TheaterEvent/startDate"" ",,
" ""http://schema.org/TheaterEvent/geo"" ",,
" ""http://schema.org/TheaterEvent/address"" ",,
" ""http://schema.org/TheaterEvent/performer"" ",,
" ""http://schema.org/TheaterEvent/doorTime"" ",,
" ""http://schema.org/TheaterEvent/duration"" ",,
" ""http://schema.org/TheaterEvent/workPerformed"" ",,
" ""http://schema.org/TheaterEvent/organizer"" ",,
" ""http://schema.org/TheaterEvent/sameAs"" ",,
" ""http://schema.org/TheaterEvent/performers"" ",,
" ""http://schema.org/TheaterEvent/mainEntityOfPage"" ",,
" ""http://schema.org/DanceEvent/description"" ",,
" ""http://schema.org/DanceEvent/offers"" ",,
" ""http://schema.org/DanceEvent/eventStatus"" ",,
" ""http://schema.org/DanceEvent/name"" ",,
" ""http://schema.org/DanceEvent/image"" ",,
" ""http://schema.org/DanceEvent/endDate"" ",,
" ""http://schema.org/DanceEvent/url"" ",,
" ""http://schema.org/DanceEvent/startDate"" ",,
" ""http://schema.org/DanceEvent/location"" ",,
" ""http://schema.org/DanceEvent/geo"" ",,
" ""http://schema.org/DanceEvent/address"" ",,
" ""http://schema.org/DanceEvent/duration"" ",,
" ""http://schema.org/DanceEvent/workPerformed"" ",,
" ""http://schema.org/DanceEvent/doorTime"" ",,
" ""http://schema.org/DanceEvent/priceCurrency"" ",,
" ""http://schema.org/DanceEvent/lowPrice"" ",,
" ""http://schema.org/DanceEvent/availability"" ",,
" ""http://schema.org/DanceEvent/performer"" ",,
" ""http://schema.org/DanceEvent/mainEntityOfPage"" ",,
" ""http://schema.org/ChildrensEvent/offers"" ",,
" ""http://schema.org/ChildrensEvent/description"" ",,
" ""http://schema.org/ChildrensEvent/image"" ",,
" ""http://schema.org/ChildrensEvent/eventStatus"" ",,
" ""http://schema.org/ChildrensEvent/name"" ",,
" ""http://schema.org/ChildrensEvent/endDate"" ",,
" ""http://schema.org/ChildrensEvent/url"" ",,
" ""http://schema.org/ChildrensEvent/startDate"" ",,
" ""http://schema.org/ChildrensEvent/location"" ",,
" ""http://schema.org/ChildrensEvent/workPerformed"" ",,
" ""http://schema.org/ChildrensEvent/performer"" ",,
" ""http://schema.org/ChildrensEvent/duration"" ",,
" ""http://schema.org/ChildrensEvent/address"" ",,
" ""http://schema.org/ChildrensEvent/mainEntityOfPage"" ",,
" ""http://schema.org/ChildrensEvent/doorTime"" ",,
" ""https://bikeweekevents.com/potentialAction"" ",,
" ""https://bikeweekevents.com/url"" ",,
" ""http://schema.org/ComedyEvent/url"" ",,
" ""http://schema.org/ComedyEvent/image"" ",,
" ""http://schema.org/ComedyEvent/startDate"" ",,
" ""http://schema.org/ComedyEvent/offers"" ",,
" ""http://schema.org/ComedyEvent/name"" ",,
" ""http://schema.org/ComedyEvent/endDate"" ",,
" ""http://schema.org/ComedyEvent/description"" ",,
" ""http://schema.org/ComedyEvent/performer"" ",,
" ""http://schema.org/ComedyEvent/location"" ",,
" ""http://schema.org/ComedyEvent/address"" ",,
" ""http://schema.org/ComedyEvent/sameAs"" ",,
" ""http://schema.org/ComedyEvent/organizer"" ",,
" ""http://schema.org/ComedyEvent/eventStatus"" ",,
" ""http://schema.org/ComedyEvent/duration"" ",,
" ""http://schema.org/ComedyEvent/mainEntityOfPage"" ",,
" ""http://schema.org/EventSeries/name"" ",,
" ""http://schema.org/EventSeries/offers"" ",,
" ""http://schema.org/EventSeries/performer"" ",,
" ""http://schema.org/EventSeries/endDate"" ",,
" ""http://schema.org/EventSeries/location"" ",,
" ""http://schema.org/EventSeries/startDate"" ",,
" ""http://schema.org/EventSeries/url"" ",,
" ""http://schema.org/EventSeries/description"" ",,
" ""http://schema.org/EventSeries/image"" ",,
" ""http://schema.org/EventSeries/duration"" ",,
" ""http://schema.org/EventSeries/repeatFrequency"" ",,
" ""https://schema.org/SportsEvent/endDate"" ",,
" ""https://schema.org/SportsEvent/name"" ",,
" ""https://schema.org/SportsEvent/location"" ",,
" ""https://schema.org/SportsEvent/url"" ",,
" ""https://schema.org/SportsEvent/startDate"" ",,
" ""https://schema.org/SportsEvent/image"" ",,
" ""https://schema.org/SportsEvent/description"" ",,
" ""https://schema.org/SportsEvent/performer"" ",,
" ""https://schema.org/SportsEvent/awayTeam"" ",,
" ""https://schema.org/SportsEvent/homeTeam"" ",,
" ""https://schema.org/EventVenue/name"" ",,
" ""https://schema.org/EventVenue/address"" ",,
" ""https://schema.org/EventVenue/url"" ",,
" ""http://schema.org/EventStatusType/description"" ",,
" ""http://schema.org/EventStatusType/name"" ",,
" ""http:/schema.orgEvent/name"" ",,
" ""http:/schema.orgEvent/url"" ",,
" ""http:/schema.orgEvent/actor"" ",,
" ""http:/schema.orgEvent/director"" ",,
" ""http:/schema.orgEvent/duration"" ",,
" ""http:/schema.orgEvent/trailer"" ",,
" ""http:/schema.orgEvent/workPerformed"" ",,
" ""http:/schema.orgEvent/description"" ",,
" ""http:/schema.orgEvent/image"" ",,
" ""http:/schema.orgEvent/address"" ",,
" ""http:/schema.orgEvent/logo"" ",,
" ""http:/schema.orgEvent/telephone"" ",,
" ""http://schema.org/VisualArtsEvent/name"" ",,
" ""http://schema.org/VisualArtsEvent/description"" ",,
" ""http://schema.org/VisualArtsEvent/endDate"" ",,
" ""http://schema.org/VisualArtsEvent/url"" ",,
" ""http://schema.org/VisualArtsEvent/location"" ",,
" ""http://schema.org/VisualArtsEvent/startDate"" ",,
" ""http://schema.org/VisualArtsEvent/image"" ",,
" ""http://schema.org/VisualArtsEvent/offers"" ",,
" ""http://schema.org/VisualArtsEvent/performer"" ",,
" ""http://schema.org/VisualArtsEvent/workPerformed"" ",,
" ""http://schema.org/VisualArtsEvent/eventStatus"" ",,
" ""http://schema.org/VisualArtsEvent/duration"" ",,
" ""http://schema.org/VisualArtsEvent/organizer"" ",,
" ""http://schema.org/VisualArtsEvent/doorTime"" ",,
" ""http://schema.org/ExhibitionEvent/name"" ",,
" ""http://schema.org/ExhibitionEvent/url"" ",,
" ""http://schema.org/ExhibitionEvent/startDate"" ",,
" ""http://schema.org/ExhibitionEvent/endDate"" ",,
" ""http://schema.org/ExhibitionEvent/image"" ",,
" ""http://schema.org/ExhibitionEvent/description"" ",,
" ""http://schema.org/ExhibitionEvent/location"" ",,
" ""http://schema.org/ExhibitionEvent/mainEntityOfPage"" ",,
" ""http://data-vocabulary.org/Event/summary"" ",,
" ""http://data-vocabulary.org/Event/url"" ",,
" ""http://data-vocabulary.org/Event/address"" ",,
" ""http://data-vocabulary.org/Event/location"" ",,
" ""http://data-vocabulary.org/Event/startDate"" ",,
" ""http://data-vocabulary.org/Event/photo"" ",,
" ""http://data-vocabulary.org/Event/eventType"" ",,
" ""http://data-vocabulary.org/Event/endDate"" ",,
" ""http://data-vocabulary.org/Event/name"" ",,
" ""http://data-vocabulary.org/Event/tickets"" ",,
" ""http://data-vocabulary.org/Event/description"" ",,
" ""http://data-vocabulary.org/Event/image"" ",,
" ""http://data-vocabulary.org/Event/email"" ",,
" ""http://data-vocabulary.org/Event/geo"" ",,
" ""http://schema.org/FoodEvent/endDate"" ",,
" ""http://schema.org/FoodEvent/name"" ",,
" ""http://schema.org/FoodEvent/duration"" ",,
" ""http://schema.org/FoodEvent/description"" ",,
" ""http://schema.org/FoodEvent/url"" ",,
" ""http://schema.org/FoodEvent/startDate"" ",,
" ""http://schema.org/FoodEvent/location"" ",,
" ""http://schema.org/FoodEvent/image"" ",,
" ""http://schema.org/FoodEvent/offers"" ",,
" ""http://schema.org/FoodEvent/performer"" ",,
" ""http://schema.org/FoodEvent/mainEntityOfPage"" ",,
" ""http://schema.org/SocialEvent/description"" ",,
" ""http://schema.org/SocialEvent/name"" ",,
" ""http://schema.org/SocialEvent/location"" ",,
" ""http://schema.org/SocialEvent/startDate"" ",,
" ""http://schema.org/SocialEvent/url"" ",,
" ""http://schema.org/SocialEvent/endDate"" ",,
" ""http://schema.org/SocialEvent/offers"" ",,
" ""http://schema.org/SocialEvent/inLanguage"" ",,
" ""http://schema.org/SocialEvent/duration"" ",,
" ""http://schema.org/SocialEvent/image"" ",,
" ""http://schema.org/SocialEvent/performer"" ",,
" ""http://schema.org/SocialEvent/workPerformed"" ",,
" ""http://schema.org/SocialEvent/doorTime"" ",,
" ""http://schema.org/SaleEvent/description"" ",,
" ""http://schema.org/SaleEvent/name"" ",,
" ""http://schema.org/SaleEvent/location"" ",,
" ""http://schema.org/SaleEvent/startDate"" ",,
" ""http://schema.org/SaleEvent/url"" ",,
" ""http://schema.org/SaleEvent/endDate"" ",,
" ""http://schema.org/SaleEvent/image"" ",,
" ""http://schema.org/SaleEvent/duration"" ",,
" ""http://schema.org/SaleEvent/offers"" ",,
" ""http://schema.org/SaleEvent/address"" ",,
" ""http://schema.org/LiteraryEvent/image"" ",,
" ""http://schema.org/LiteraryEvent/location"" ",,
" ""http://schema.org/LiteraryEvent/startDate"" ",,
" ""http://schema.org/LiteraryEvent/url"" ",,
" ""http://schema.org/LiteraryEvent/name"" ",,
" ""http://schema.org/LiteraryEvent/endDate"" ",,
" ""http://schema.org/LiteraryEvent/description"" ",,
" ""http://schema.org/LiteraryEvent/duration"" ",,
" ""http://schema.org/LiteraryEvent/doorTime"" ",,
" ""http://schema.org/LiteraryEvent/performer"" ",,
" ""http://schema.org/LiteraryEvent/workPerformed"" ",,
" ""http://schema.org/EventReservation/reservationStatus"" ",,
" ""http://schema.org/EventReservation/reservationFor"" ",,
" ""http://schema.org/EventReservation/underName"" ",,
" ""http://schema.org/ScreeningEvent/startDate"" ",,
" ""http://schema.org/ScreeningEvent/name"" ",,
" ""http://schema.org/ScreeningEvent/location"" ",,
" ""http://schema.org/ScreeningEvent/description"" ",,
" ""http://schema.org/ScreeningEvent/image"" ",,
" ""http://schema.org/ScreeningEvent/duration"" ",,
" ""http://schema.org/ScreeningEvent/url"" ",,
" ""http://schema.org/ScreeningEvent/mainEntityOfPage"" ",,
" ""http://schema.org/subEvent/startDate"" ",,
" ""http://schema.org/subEvent/endDate"" ",,
" ""http://schema.org/subEvent/name"" ",,
" ""http://schema.org/subEvent/offers"" ",,
" ""http://schema.org/subEvent/performer"" ",,
" ""http://schema.org/subEvent/address"" ",,
" ""http://schema.org/subEvent/description"" ",,
" ""http://schema.org/subEvent/location"" ",,
" ""http://schema.org/subEvent/url"" ",,
" ""http://schema.org/subEvent/mainEntityOfPage"" ",,
" ""http://www.schema.org/Event/url"" ",,
" ""http://www.schema.org/Event/name"" ",,
" ""http://www.schema.org/BusinessEvent/offers"" ",,
" ""http://www.schema.org/BusinessEvent/image"" ",,
" ""http://www.schema.org/BusinessEvent/performer"" ",,
" ""http://www.schema.org/BusinessEvent/subEvent"" ",,
" ""http://www.schema.org/BusinessEvent/startDate"" ",,
" ""http://www.schema.org/BusinessEvent/description"" ",,
" ""http://www.schema.org/BusinessEvent/name"" ",,
