METADATA,
" ""http://www.w3.org/1999/02/22-rdf-syntax-ns#type"" ",
" ""http://schema.org/Organization/telephone"" ",
" ""http://schema.org/Organization/logo"" ",
" ""http://schema.org/Organization/url"" ",
" ""http://schema.org/Organization/name"" ",
" ""http://schema.org/Organization/address"" ",
" ""http://schema.org/Organization/headline"" ",
" ""http://schema.org/Organization/email"" ",
" ""http://schema.org/Organization/sameAs"" ",
" ""http://schema.org/Organization/description"" ",
" ""http://schema.org/Organization/legalName"" ",
" ""http://schema.org/Organization/parentOrganization"" ",
" ""http://schema.org/Organization/fax"" ",
" ""http://schema.org/Organization/image"" ",
" ""http://schema.org/Organization/potentialAction"" ",
" ""http://schema.org/Organization/aggregateRating"" ",
" ""http://schema.org/Organization/faxNumber"" ",
" ""http://schema.org/Organization/taxID"" ",
" ""http://schema.org/Organization/foundingDate"" ",
" ""http://schema.org/Organization/founder"" ",
" ""http://schema.org/Organization/makesOffer"" ",
" ""http://schema.org/Organization/brand"" ",
" ""http://schema.org/Organization/employee"" ",
" ""http://schema.org/Organization/numberOfEmployees"" ",
" ""http://schema.org/Organization/member"" ",
" ""http://schema.org/Organization/vatID"" ",
" ""http://schema.org/Organization/cat-logo"" ",
" ""http://schema.org/Organization/title"" ",
" ""http://schema.org/Organization/location"" ",
" ""http://schema.org/Organization/contactPoint"" ",
" ""http://schema.org/Organization/child"" ",
" ""http://schema.org/Organization/reviews"" ",
" ""http://schema.org/Organization/publisher"" ",
" ""http://schema.org/Organization/alternateName"" ",
" ""http://schema.org/Organization/subOrganization"" ",
" ""http://schema.org/Organization/tickerSymbol"" ",
" ""http://schema.org/Organization/street-address"" ",
" ""http://schema.org/Organization/postalCode"" ",
" ""http://schema.org/Organization/locality"" ",
" ""http://schema.org/Organization/region"" ",
" ""http://schema.org/Organization/mainEntityOfPage"" ",
" ""http://schema.org/Organization/streetAddress"" ",
" ""http://schema.org/Organization/addressRegion"" ",
" ""http://schema.org/Organization/geo"" ",
" ""http://schema.org/Organization/addressLocality"" ",
" ""http://schema.org/Organization/openingHours"" ",
" ""http://schema.org/Organization/relatedLink"" ",
" ""https://schema.org/NewsMediaOrganization/logo"" ",
" ""https://schema.org/NewsMediaOrganization/url"" ",
" ""https://schema.org/NewsMediaOrganization/ethicsPolicy"" ",
" ""https://schema.org/NewsMediaOrganization/foundingDate"" ",
" ""https://schema.org/NewsMediaOrganization/diversityPolicy"" ",
" ""http://schema.org/Organization/review"" ",
" ""http://schema.org/Organization/copyrightHolder"" ",
" ""http://schema.org/Organization/owns"" ",
" ""http://schema.org/Organization/department"" ",
" ""http://autoportal.ua/"" ",
" ""http://schema.org/Organization/video"" ",
" ""http://schema.org/Organization/addressCountry"" ",
" ""http://schema.org/Organization/duns"" ",
" ""http://schema.org/Organization/slogan"" ",
" ""http://www.w3.org/1999/xhtml/microdata#item"" ",
" ""http://purl.org/dc/terms/title"" ",
" ""http://schema.org/Organization/sameas"" ",
" ""http://schema.org/Organization/seclogo"" ",
" ""http://schema.org/Organization/openingHoursSpecification"" ",
" ""http://schema.org/Organization/copyrightYear"" ",
" ""http://schema.org/Organization/imageObject"" ",
" ""http://schema.org/Organization/breadcrumb"" ",
" ""http://schema.org/Organization/phone"" ",
" ""http://schema.org/Organization/telefax"" ",
" ""http://schema.org/Organization/ratingValue"" ",
" ""http://schema.org/Organization/ratingCount"" ",
" ""http://schema.org/Organization/leiCode"" ",
" ""http://schema.org/Organization/skype"" ",
" ""http://schema.org/Organization/URL"" ",
" ""http://schema.org/Organization/reviewCount"" ",
" ""http://schema.org/Organization/jobLocation"" ",
" ""http://schema.org/Organization/employmentType"" ",
" ""http://schema.org/Organization/dateModified"" ",
" ""http://schema.org/Organization/thumbnailUrl"" ",
" ""http://schema.org/Organization/startDate"" ",
" ""http://schema.org/Organization/employees"" ",
" ""http://schema.org/Organization/mobile"" ",
" ""http://schema.org/Organization/reviewRating"" ",
" ""http://schema.org/Organization/founders"" ",
" ""http://schema.org/Organization/isicV4"" ",
" ""http://schema.org/Organization/priceCurrency"" ",
" ""http://schema.org/Organization/price"" ",
" ""http://schema.org/Organization/additionalType"" ",
" ""http://schema.org/Organization/faxnumber"" ",
" ""http://schema.org/Organization/hasMap"" ",
" ""http://schema.org/Organization/organization"" ",
" ""http://schema.org/Organization/roistat-phone1"" ",
" ""http://schema.org/Organization/contactpoint"" ",
" ""http://schema.org/Organization/emaiL"" ",
" ""http://schema.org/Organization/clickandflirt"" ",
" ""http://schema.org/Organization/isBasedOnUrl"" ",
" ""http://schema.org/Organization/ContactPoint"" ",
" ""http://schema.org/Organization/sameAS"" ",
" ""http://schema.org/Organization/about"" ",
" ""http://schema.org/Organization/latitude"" ",
" ""http://schema.org/Organization/longitude"" ",
" ""http://schema.org/Organization/memberOf"" ",
" ""http://schema.org/Organization/hasOfferCatalog"" ",
" ""http://schema.org/Organization/priceRange"" ",
" ""http://schema.org/Organization/award"" ",
" ""http://schema.org/Organization/alumni"" ",
" ""http://schema.org/Organization/mainContentOfPage"" ",
" ""http://schema.org/Organization/SameAS"" ",
" ""http://schema.org/Organization/Description"" ",
" ""http://schema.org/Organization/Duration"" ",
" ""http://schema.org/Organization/tel"" ",
" ""http://schema.org/Organization/logo__brand"" ",
" ""http://schema.org/Organization/disambiguatingDescription"" ",
" ""http://schema.org/Organization/relatedTo"" ",
" ""http://schema.org/Organization/SameAs"" ",
" ""http://schema.org/Organization/globalLocationNumber"" ",
" ""http://schema.org/Organization/author"" ",
" ""http://schema.org/Organization/itemReviewed"" ",
" ""http://schema.org/Organization/reviewBody"" ",
" ""http://schema.org/Organization/datePublished"" ",
" ""http://schema.org/Organization/workLocation"" ",
" ""http://schema.org/Organization/jobTitle"" ",
" ""http://schema.org/Organization/Department"" ",
" ""http://schema.org/Organization/Telephone"" ",
" ""http://schema.org/Organization/contentUrl"" ",
" ""http://schema.org/Organization/url/googlePlus"" ",
" ""http://schema.org/Organization/keywords"" ",
" ""http://schema.org/Organization/bestRating"" ",
" ""http://schema.org/Organization/summary"" ",
" ""http://schema.org/Organization/identifier"" ",
" ""http://schema.org/Organization/schedule"" ",
" ""http://schema.org/Organization/og:headline"" ",
" ""http://schema.org/Organization/og:description"" ",
" ""http://schema.org/Organization/manufacturer"" ",
" ""http://schema.org/Organization/legalname"" ",
" ""http://schema.org/Organization/Email"" ",
" ""http://schema.org/Organization/ssn"" ",
" ""http://schema.org/Organization/contactType"" ",
" ""http://schema.org/Organization/photo"" ",
" ""http://schema.org/Organization/revieweditem"" ",
" ""http://schema.org/Organization/knows"" ",
" ""http://schema.org/Organization/map"" ",
" ""http://schema.org/Organization/whatsapp"" ",
" ""http://schema.org/Organization/articleBody"" ",
" ""http://schema.org/Organization/inLanguage"" ",
" ""http://schema.org/Organization/fax_number"" ",
" ""http://schema.org/Organization/knowsLanguage"" ",
" ""http://schema.org/Organization/foundingLocation"" ",
" ""http://schema.org/Organization/Name"" ",
" ""http://schema.org/Organization/Address"" ",
" ""http://schema.org/Organization/naics"" ",
" ""http://schema.org/Organization/LLC"" ",
" ""http://schema.org/Organization/Official"" ",
" ""http://schema.org/Organization/Umbrella"" ",
" ""http://schema.org/Organization/Supplies"," ,
 http://schema.org/Organization/Logo"" "
" ""http://schema.org/Organization/Testing"" ",
" ""http://schema.org/Organization/areaServed"" ",
" ""http://schema.org/Organization/datePosted"" ",
" ""http://schema.org/Organization/officialWebPage"" ",
" ""http://schema.org/Organization/uri"" ",
" ""http://schema.org/Organization/endDate"" ",
" ""http://schema.org/Organization/organizer"" ",
" ""http://schema.org/Organization/offeredBy"" ",
" ""http://schema.org/Organization/givenName"" ",
" ""http://schema.org/Organization/familyName"" ",
" ""http://schema.org/Organization/hasPOS"" ",
" ""http://schema.org/Organization/interactionCount"" ",
" ""http://schema.org/Organization/departmentHead"" ",
" ""http://schema.org/Organization/logo_mobile"" ",
" ""http://schema.org/Organization/telpehone"" ",
" ""http://schema.org/Organization/contactOption"" ",
" ""http://schema.org/Organization/availableLanguage"" ",
" ""http://schema.org/Organization/itemListElement"" ",
" ""http://schema.org/Organization/paymentAccepted"" ",
" ""http://schema.org/Organization/isPartOf"" ",
" ""http://schema.org/Organization/roleName"" ",
" ""http://schema.org/Organization/event"" ",
" ""http://schema.org/breadcrumb"" ",
" ""http://schema.org/Organization/PostalAddress"" ",
" ""http://schema.org/Organization/Url"" ",
" ""http://schema.org/Organization/validThrough"" ",
" ""http://schema.org/Organization/servicesOffered"" ",
" ""http://schema.org/Organization/clients"" ",
" ""http://schema.org/Organization/numberofEngineersCompanywide"" ",
" ""http://schema.org/Organization/numberofLocalEngineers"" ",
" ""http://schema.org/Organization/2014Projects"" ",
" ""http://schema.org/Organization/localGrossRevenue2014"" ",
" ""http://schema.org/Organization/baseSalary"" ",
" ""http://schema.org/Organization/marketCapasof06202011"" ",
" ""http://schema.org/Organization/marketCapasof07022013"" ",
" ""http://schema.org/Organization/marketCapasof7032014"" ",
" ""http://schema.org/Organization/marketCapasof01042012"" ",
" ""http://schema.org/Organization/marketCapasof6122015"" ",
" ""http://schema.org/Organization/marketCapasof01062011"" ",
" ""http://schema.org/Organization/exchangeandTickerSymbol"" ",
" ""http://schema.org/Organization/fieldsofResearch"" ",
" ""http://schema.org/Organization/marketCapasof06262012"" ",
" ""http://schema.org/Organization/majorProducts"" ",
" ""http://schema.org/Organization/unp"" ",
" ""http://schema.org/Organization/members"" ",
" ""http://schema.org/Organization/offers"" ",
" ""http://schema.org/Organization/width"" ",
" ""http://schema.org/Organization/height"" ",
" ""http://schema.org/Organization/street"" ",
" ""http://schema.org/Organization/subtitle"" ",
" ""http://schema.org/Organization/office"" ",
" ""http://schema.org/Organization/building"" ",
" ""http://schema.org/Organization/itemreviewed"" ",
" ""http://schema.org/Organization/jobBenefits"" ",
" ""http://schema.org/Organization/misc"" ",
" ""http://schema.org/Organization/city"" ",
" ""http://schema.org/Organization/blogPost"" ",
" ""http://schema.org/Organization/dateCreated"" ",
" ""http://schema.org/Organization/programmingLanguage"" ",
" ""http://schema.org/Organization/mail"" ",
" ""http://schema.org/Organization/model"" ",
" ""http://schema.org/Organization/address__inner"" ",
" ""http://schema.org/Organization/mainEntity"" ",
" ""http://schema.org/AggregateRating"" ",
" ""http://schema.org/Organization/productID"" ",
" ""http://schema.org/Organization/contactPoints"" ",
" ""http://schema.org/Organization/dissolutionDate"" ",
" ""http://schema.org/Organization/availability"" ",
" ""http://schema.org/Organization/servesCuisine"" ",
" ""http://schema.org/Organization/website"" ",
" ""http://schema.org/Organization/tendermeets"" ",
" ""http://schema.org/Organization/profile"" ",
" ""http://schema.org/Organization/item"" ",
" ""http://dbpedia.org/ontology/wikiPageExternalLink"" ",
" ""http://dbpedia.org/property/pos"" ",
" ""http://purl.org/dc/terms/subject"" ",
" ""http://dbpedia.org/property/position"" ",
" ""http://dbpedia.org/ontology/wikiPageRevisionID"" ",
" ""http://xmlns.com/foaf/0.1/isPrimaryTopicOf"" ",
" ""http://dbpedia.org/ontology/wikiPageID"" ",
" ""http://www.w3.org/2000/01/rdf-schema#label"" ",
" ""http://www.w3.org/2002/07/owl#sameAs"" ",
" ""http://xmlns.com/foaf/0.1/name"" ",
" ""http://www.w3.org/ns/prov#wasDerivedFrom"" ",
" ""http://purl.org/linguistics/gold/hypernym"" ",
" ""http://dbpedia.org/ontology/abstract"" ",
" ""http://www.w3.org/2000/01/rdf-schema#comment"" ",
" ""http://dbpedia.org/property/leftarm"" ",
" ""http://dbpedia.org/property/website"" ",
" ""http://dbpedia.org/property/manager"" ",
" ""http://dbpedia.org/property/other"" ",
" ""http://dbpedia.org/property/patternSh"" ",
" ""http://dbpedia.org/property/patternSo"" ",
" ""http://dbpedia.org/property/patternB"" ",
" ""http://dbpedia.org/property/shorts"" ",
" ""http://dbpedia.org/ontology/chairmanTitle"" ",
" ""http://dbpedia.org/property/current"" ",
" ""http://dbpedia.org/ontology/season"" ",
" ""http://dbpedia.org/ontology/league"" ",
" ""http://dbpedia.org/property/rightarm"" ",
" ""http://dbpedia.org/property/body"" ",
" ""http://dbpedia.org/property/nat"" ",
" ""http://dbpedia.org/ontology/owner"" ",
" ""http://xmlns.com/foaf/0.1/nick"" ",
" ""http://dbpedia.org/ontology/capacity"" ",
" ""http://dbpedia.org/ontology/ground"" ",
" ""http://dbpedia.org/property/socks"" ",
" ""http://xmlns.com/foaf/0.1/homepage"" ",
" ""http://schema.org/Organization/seller"" ",
" ""http://schema.org/Organization/airportArea"" ",
" ""http://schema.org/Organization/query-input"" ",
" ""http://schema.org/Organization/target"" ",
" ""http://schema.org/Organization/account_links"" ",
" ""http://schema.org/Organization/seeks"" ",
" ""http://schema.org/Organization/medicalSpecialty"" ",
" ""http://schema.org/Organization/og:title"" ",
" ""http://schema.org/Organization/og:url"" ",
" ""http://schema.org/Organization/Brand"" ",
" ""http://schema.org/Organization/home-logo"" ",
" ""http://schema.org/Organization/starRating"" ",
" ""http://schema.org/Organization/hiringOrganization"" ",
" ""http://schema.org/Organization/applicationCategory"" ",
" ""http://schema.org/Organization/operatingSystem"" ",
" ""http://schema.org/Organization/2014CityLeaders"" ",
" ""http://schema.org/Organization/councilmembersasof62013"" ",
" ""http://schema.org/Organization/population2014asof2010Census"" ",
" ""http://schema.org/Organization/cityleadersasof62013"" ",
" ""http://schema.org/Organization/performers"" ",
" ""http://schema.org/Organization/占쏙옙튜占쏙옙"" ",
" ""http://schema.org/Organization/占쏙옙占싱뱄옙占쏙옙慣占�"" ",
" ""http://schema.org/Organization/占쏙옙占싱쏙옙占쏙옙"" ",
" ""http://schema.org/Organization/res_company.partner_id.country_id.code"" ",
" ""http://schema.org/Organization/res_company.partner_id.faxNumber"" ",
" ""http://schema.org/Organization/res_company.partner_id.telephone"" ",
" ""http://schema.org/Organization/res_company.partner_id.city"" ",
" ""http://schema.org/Organization/res_company.partner_id.email"" ",
" ""http://schema.org/Organization/res_company.partner_id.zip"" ",
" ""http://schema.org/Organization/position"" ",
" ""http://schema.org/Organization/clicks"" ",
" ""http://dbpedia.org/ontology/thumbnail"" ",
" ""http://xmlns.com/foaf/0.1/depiction"" ",
" ""http://www.w3.org/2000/01/rdf-schema#seeAlso"" ",
" ""http://dbpedia.org/property/wordnet_type"" ",
" ""http://dbpedia.org/property/caption"" ",
" ""http://dbpedia.org/ontology/commander"" ",
" ""http://dbpedia.org/ontology/aircraftAttack"" ",
" ""http://dbpedia.org/ontology/aircraftHelicopter"" ",
" ""http://dbpedia.org/property/colorsLabel"" ",
" ""http://dbpedia.org/property/identificationSymbol4Label"" ",
" ""http://dbpedia.org/ontology/aircraftRecon"" ",
" ""http://dbpedia.org/ontology/commandStructure"" ",
" ""http://dbpedia.org/property/garrisonLabel"" ",
" ""http://dbpedia.org/ontology/identificationSymbol"" ",
" ""http://dbpedia.org/ontology/aircraftFighter"" ",
" ""http://dbpedia.org/ontology/aircraftElectronic"" ",
" ""http://dbpedia.org/property/identificationSymbol3Label"" ",
" ""http://dbpedia.org/ontology/fourthCommander"" ",
" ""http://dbpedia.org/ontology/thirdCommander"" ",
" ""http://dbpedia.org/property/commander6Label"" ",
" ""http://dbpedia.org/ontology/motto"" ",
" ""http://dbpedia.org/ontology/secondCommander"" ",
" ""http://dbpedia.org/property/commander4Label"" ",
" ""http://dbpedia.org/ontology/aircraftTrainer"" ",
" ""http://dbpedia.org/ontology/militaryUnitSize"" ",
" ""http://dbpedia.org/property/commander1Label"" ",
" ""http://dbpedia.org/ontology/activeYearsStartYear"" ",
" ""http://dbpedia.org/ontology/battle"" ",
" ""http://dbpedia.org/ontology/garrison"" ",
" ""http://dbpedia.org/property/commander2Label"" ",
" ""http://dbpedia.org/ontology/aircraftTransport"" ",
" ""http://dbpedia.org/ontology/colour"" ",
" ""http://dbpedia.org/property/identificationSymbol2Label"" ",
" ""http://dbpedia.org/property/identificationSymbolLabel"" ",
" ""http://dbpedia.org/ontology/activeYearsEndYear"" ",
" ""http://dbpedia.org/property/commander3Label"" ",
" ""http://dbpedia.org/ontology/type"" ",
" ""http://dbpedia.org/ontology/aircraftBomber"" ",
" ""http://dbpedia.org/property/commander"" ",
" ""http://dbpedia.org/ontology/march"" ",
" ""http://dbpedia.org/property/aircraftTanker"" ",
" ""http://dbpedia.org/property/commander5Label"" ",
" ""http://dbpedia.org/ontology/colourName"" ",
" ""http://schema.org/Organization/AggregateRating"" ",
" ""http://schema.org/Organization/hoursAvailable"" ",
" ""http://schema.org/Organization/isbn"" ",
" ""http://schema.org/Organization/serviceArea"" ",
" ""http://schema.org/Organization/FoundingLocation"" ",
" ""http://schema.org/Organization/FoundingDate"" ",
" ""http://schema.org/Organization/articleSection"" ",
" ""http://schema.org/Organization/company"" ",
" ""http://schema.org/Organization/numberOfItems"" ",
" ""http://schema.org/Organization/provider"" ",
" ""http://schema.org/Organization/sprinter-logo"" ",
" ""http://schema.org/Organization/smart-logo"" ",
" ""http://schema.org/Organization/logo2"" ",
" ""http://schema.org/Organization//images/motoviaggiatori_logo.png"" ",
" ""http://schema.org/Organization/id"" ",
" ""http://schema.org/Organization/liveEntertainment"" ",
" ""http://schema.org/Organization/casinoSqFt"" ",
" ""http://schema.org/Organization/numberofSlots"" ",
" ""http://schema.org/Organization/hoursofOperation"" ",
" ""http://schema.org/Organization/missionStatement"" ",
" ""http://schema.org/Organization/tribalAffiliation"" ",
" ""http://schema.org/Organization/numberofRestaurants"" ",
" ""http://schema.org/Organization/otherAmenities"" ",
" ""http://schema.org/Organization/numberofRoomsSuites"" ",
" ""http://schema.org/Organization/meetingSpaceAvailableSqFootage"" ",
" ""http://schema.org/Organization/shuttleBus"" ",
" ""http://schema.org/Organization/worstRating"" ",
" ""http://schema.org/Organization/la-fw"" ",
" ""http://schema.org/Organization/rating"" ",
" ""http://schema.org/Organization/votes"" ",
" ""http://schema.org/Organization/taxid"" ",
" ""http://schema.org/Organization/numberoflocallocations"" ",
" ""http://schema.org/Organization/totalnumberoflocations"" ",
" ""http://schema.org/Organization/numberoflocalfull-timeemployees"" ",
" ""http://schema.org/Organization/majorbrandsoffurnituresold"" ",
" ""http://schema.org/Organization/logotype"" ",
" ""http://schema.org/Organization/worksFor"" ",
" ""http://schema.org/Organization/knowsAbout"" ",
" ""http://schema.org/Organization/+49"" ",
" ""http://schema.org/Organization/651-90"" ",
" ""http://schema.org/Organization/651-0"" ",
" ""http://schema.org/Organization/35204"" ",
" ""http://schema.org/Organization/dayOfWeek"" ",
" ""http://schema.org/Organization/opens"" ",
" ""http://schema.org/Organization/closes"" ",
" ""http://schema.org/Organization/ServiceArea"" ",
" ""http://schema.org/Organization/article:published_time"" ",
" ""http://schema.org/Organization/article:modified_time"" ",
" ""http://schema.org/Organization/href="" ",
" ""http://schema.org/Organization/preferredLender"" ",
" ""http://schema.org/Organization/sBAContacts"" ",
" ""http://schema.org/Organization/loanAmountfor2013"" ",
" ""http://schema.org/Organization/LegalName"" ",
" ""http://schema.org/Organization/Toys"" ",
" ""http://schema.org/Organization/Sex"" ",
" ""http://schema.org/Organization/Adult"" ",
" ""http://schema.org/Organization/-"" ",
" ""http://schema.org/Organization/Paloqueth"" ",
" ""http://schema.org/Organization/sku"" ",
" ""http://schema.org/Organization/thumbnail"" ",
" ""http://schema.org/Organization/locationCreated"" ",
" ""http://schema.org/Organization/site"" ",
" ""http://schema.org/Organization/targetUrl"" ",
" ""http://schema.org/Organization/copyrightholder"" ",
" ""http://schema.org/Organization/logo-chevy"" ",
" ""http://schema.org/Organization/comment"" ",
" ""http://schema.org/Organization/TollFree"" ",
" ""http://schema.org/Organization/addressphone"" ",
" ""http://schema.org/Organization/streethours"" ",
" ""http://schema.org/Organization/addressemail"" ",
" ""http://schema.org/Organization/addressname"" ",
" ""http://schema.org/Organization/Website"" ",
" ""http://schema.org/Organization/permitNumber"" ",
" ""http://schema.org/Organization/logo-in-menu"" ",
" ""http://schema.org/Organization/duration"" ",
" ""http://schema.org/Organization//home"" ",
" ""https://schema.org/Organization/name"" ",
" ""https://schema.org/Organization/logo"" ",
" ""https://schema.org/Organization/mobile_logo"" ",
" ""https://schema.org/Organization/url"" ",
" ""https://schema.org/Organization/address"" ",
" ""https://schema.org/Organization/telephone"" ",
" ""https://schema.org/Organization/legalName"" ",
" ""https://schema.org/Organization/faxNumber"" ",
" ""https://schema.org/Organization/description"" ",
" ""https://schema.org/Organization/sameAs"" ",
" ""https://schema.org/Organization/jobLocation"" ",
" ""https://schema.org/Organization/industry"" ",
" ""https://schema.org/Organization/brand"" ",
" ""https://schema.org/Organization/URL"" ",
" ""https://schema.org/Organization/email"" ",
" ""https://schema.org/Organization/aggregateRating"" ",
" ""https://schema.org/Organization/location"" ",
" ""https://schema.org/Organization/department"" ",
" ""https://schema.org/Organization/identifier"" ",
" ""https://schema.org/Organization/image"" ",
" ""https://schema.org/Organization/potentialAction"" ",
" ""https://schema.org/Organization/fax"" ",
" ""https://schema.org/Organization/headline"" ",
" ""https://schema.org/Organization/datePublished"" ",
" ""https://schema.org/Organization/author"" ",
" ""https://schema.org/Organization/reviewBody"" ",
" ""https://schema.org/Organization/itemReviewed"" ",
" ""https://schema.org/Organization/reviewRating"" ",
" ""https://schema.org/Organization/isicV4"" ",
" ""https://schema.org/Organization/naics"" ",
" ""https://schema.org/Organization/ethicsPolicy"" ",
" ""https://schema.org/Organization/logo_left"" ",
" ""https://schema.org/Organization/member"" ",
" ""https://schema.org/Organization/Address"" ",
" ""https://schema.org/Organization/alternateName"" ",
" ""https://schema.org/Organization/width"" ",
" ""https://schema.org/Organization/height"" ",
" ""https://schema.org/Organization/contactPoint"" ",
" ""https://schema.org/Organization/employee"" ",
" ""https://schema.org/Organization/taxID"" ",
" ""https://schema.org/Organization/founder"" ",
" ""https://schema.org/Organization/vatID"" ",
" ""https://schema.org/Organization/duns"" ",
" ""https://schema.org/Organization/foundingDate"" ",
" ""https://schema.org/Organization/hoursAvailable"" ",
" ""https://schema.org/Organization/review"" ",
" ""https://schema.org/Organization/sameas"" ",
" ""https://schema.org/Organization/streetAddress"" ",
" ""https://schema.org/Organization/postalCode"" ",
" ""https://schema.org/Organization/keywords"" ",
" ""https://schema.org/Organization/foundingdate"" ",
" ""https://schema.org/Organization/parentOrganization"" ",
" ""https://schema.org/Organization/company"" ",
" ""https://schema.org/Organization/tel"" ",
" ""https://schema.org/Organization/publisher"" ",
" ""https://schema.org/Organization/owns"" ",
" ""https://schema.org/Organization/addressCountry"" ",
" ""https://schema.org/Organization/addressLocality"" ",
" ""https://schema.org/Organization/addressRegion"" ",
" ""https://schema.org/Organization/mainEntityOfPage"" ",
" ""https://schema.org/Organization/contentUrl"" ",
" ""https://schema.org/Organization/makesOffer"" ",
" ""https://schema.org/Organization/dayOfWeek"" ",
" ""https://schema.org/Organization/openingHoursSpecification"" ",
" ""https://schema.org/Organization/alternativeHeadline"" ",
" ""https://schema.org/Organization/validThrough"" ",
" ""https://schema.org/Organization/offeredBy"" ",
" ""https://schema.org/Organization/representativeOfPage"" ",
" ""https://schema.org/Organization/Description"" ",
" ""https://schema.org/Organization/contactOption"" ",
" ""https://schema.org/Organization/contactType"" ",
" ""https://schema.org/Organization/jobTitle"" ",
" ""https://schema.org/Organization/numberOfEmployees"" ",
" ""https://schema.org/Organization/globalLocationNumber"" ",
" ""https://schema.org/Organization/geo"" ",
" ""https://schema.org/Organization/audience"" ",
" ""https://schema.org/Organization/lastReviewed"" ",
" ""https://schema.org/Organization/publishingPrinciples"" ",
" ""https://schema.org/Organization/owner"" ",
" ""https://schema.org/Organization/founders"" ",
" ""https://schema.org/Organization/employees"" ",
" ""https://schema.org/Organization/legalname"" ",
" ""https://schema.org/Organization/vehicleInteriorColor"" ",
" ""https://schema.org/Organization/vehicleTransmission"" ",
" ""https://schema.org/Organization/tickerSymbol"" ",
" ""https://schema.org/Organization/SameAs"" ",
" ""https://schema.org/Organization/subOrganization"" ",
" ""https://schema.org/Organization/phone"" ",
" ""https://schema.org/Organization/contactPoints"" ",
" ""https://schema.org/Organization/award"" ",
" ""https://schema.org/Organization/areaServed"" ",
" ""https://schema.org/Organization/copyrightHolder"" ",
" ""https://schema.org/Organization/leiCode"" ",
" ""https://schema.org/Organization/addressArea"" ",
" ""https://schema.org/Organization/isFamilyFriendly"" ",
" ""https://schema.org/Organization/itemListElement"" ",
" ""https://schema.org/Organization/hasOfferCatalog"" ",
" ""https://schema.org/Organization/bestRating"" ",
" ""https://schema.org/Organization/ratingValue"" ",
" ""https://schema.org/Organization/ratingCount"" ",
" ""https://schema.org/Organization/url;"" ",
" ""https://schema.org/Organization/parentOrganization"," ,
 https://schema.org/Organization/memberOf"" "
" ""https://schema.org/Organization/video"" ",
" ""http://schema.org/DiagnosticLab/address"" ",
" ""http://schema.org/DiagnosticLab/name"" ",
" ""https://schema.org/Organization/slogan"" ",
" ""https://schema.org/Organization/alumni"" ",
" ""https://schema.org/Organization/openingHours"" ",
" ""https://schema.org/Organization/locality"" ",
" ""https://schema.org/Organization/hasMap"" ",
" ""https://schema.org/Organization/Name"" ",
" ""https://schema.org/Organization/priceRange"" ",
" ""https://schema.org/Organization/reviews"" ",
" ""https://schema.org/Organization/text"" ",
" ""https://schema.org/Organization/affiliation"" ",
" ""https://schema.org/Organization/interactionCount"" ",
" ""https://schema.org/Organization/sameAS"" ",
" ""https://schema.org/Organization/vatId"" ",
" ""https://schema.org/Organization/call_phone_812"" ",
" ""https://schema.org/Organization/call_phone_495"" ",
" ""https://schema.org/Organization/call_phone_861"" ",
" ""https://schema.org/Organization/call_phone_843"" ",
" ""https://schema.org/Organization/call_phone_863"" ",
" ""https://schema.org/telephone"" ",
" ""https://schema.org/email"" ",
" ""https://schema.org/Employee"" ",
" ""http://data-vocabulary.org/Organization/address"" ",
" ""http://data-vocabulary.org/Organization/name"" ",
" ""http://data-vocabulary.org/Organization/tel"" ",
" ""http://data-vocabulary.org/Organization/url"" ",
" ""http://data-vocabulary.org/Organization/fax"" ",
" ""http://data-vocabulary.org/Organization/geo"" ",
" ""http://data-vocabulary.org/Organization/itemreviewed"" ",
" ""http://data-vocabulary.org/Organization/rating"" ",
" ""http://data-vocabulary.org/Organization/votes"" ",
" ""http://data-vocabulary.org/Organization/postal-code"" ",
" ""http://data-vocabulary.org/Organization/street-address"" ",
" ""http://data-vocabulary.org/Organization/locality"" ",
" ""http://data-vocabulary.org/Organization/email"" ",
" ""http://data-vocabulary.org/Organization/postalCode"" ",
" ""http://data-vocabulary.org/Organization/region"" ",
" ""http://data-vocabulary.org/Organization/phone"" ",
" ""http://data-vocabulary.org/Organization/streetAddress"" ",
" ""http://data-vocabulary.org/Organization/telephone"" ",
" ""http://data-vocabulary.org/Organization/addressLocality"" ",
" ""http://data-vocabulary.org/Organization/e-mail"" ",
" ""http://data-vocabulary.org/Organization/description"" ",
" ""http://data-vocabulary.org/Organization/photo"" ",
" ""http://data-vocabulary.org/Organization/location"" ",
" ""http://data-vocabulary.org/Organization/dtend"" ",
" ""http://data-vocabulary.org/Organization/dtstart"" ",
" ""http://data-vocabulary.org/Organization/faxNumber"" ",
" ""http://data-vocabulary.org/Organization/country-name"" ",
" ""http://data-vocabulary.org/Organization/ratingCount"" ",
" ""http://data-vocabulary.org/Organization/image"" ",
" ""http://data-vocabulary.org/Organization/country"" ",
" ""http://data-vocabulary.org/Organization/logo"" ",
" ""http://data-vocabulary.org/Organization/sameAs"" ",
" ""http://data-vocabulary.org/Organization/mail"" ",
" ""http://data-vocabulary.org/Organization/latitude"" ",
" ""http://data-vocabulary.org/Organization/longitude"" ",
" ""http://data-vocabulary.org/Organization/startDate"" ",
" ""http://data-vocabulary.org/Organization/locationname"" ",
" ""http://data-vocabulary.org/Organization/head"" ",
" ""http://data-vocabulary.org/Organization/cap"" ",
" ""http://data-vocabulary.org/Organization/brand"" ",
" ""http://data-vocabulary.org/Organization/paymentAccepted"" ",
" ""http://data-vocabulary.org/Organization/openingHours"" ",
" ""http://data-vocabulary.org/Organization/currency"" ",
" ""http://data-vocabulary.org/Organization/cell"" ",
" ""http://data-vocabulary.org/Organization/priceRange"" ",
" ""http://data-vocabulary.org/Organization/count"" ",
" ""http://data-vocabulary.org/Organization/EORI"" ",
" ""http://data-vocabulary.org/Organization/IK"" ",
" ""http://data-vocabulary.org/Organization/WeChat"" ",
" ""http://data-vocabulary.org/Organization/vatid"" ",
" ""http://data-vocabulary.org/Organization/paypal"" ",
" ""http://data-vocabulary.org/Organization/maps"" ",
" ""http://data-vocabulary.org/Organization/adress"" ",
" ""http://data-vocabulary.org/Organization/email-address"" ",
" ""http://data-vocabulary.org/Organization/offers"" ",
" ""http://data-vocabulary.org/Organization/person"" ",
" ""http://data-vocabulary.org/Organization/org"" ",
" ""http://data-vocabulary.org/Organization/fn"" ",
" ""http://data-vocabulary.org/Organization/affiliation"" ",
" ""http://data-vocabulary.org/Organization/average"" ",
" ""http://data-vocabulary.org/Organization/best"" ",
" ""http://data-vocabulary.org/Organization/youtube"" ",
" ""http://data-vocabulary.org/Organization/facebook"" ",
" ""http://data-vocabulary.org/Organization/organization"" ",
" ""http://data-vocabulary.org/Organization/title"" ",
" ""http://data-vocabulary.org/Organization/employee"" ",
" ""http://data-vocabulary.org/Organization/pricerange"" ",
" ""http://data-vocabulary.org/Organization/Name"" ",
" ""http://data-vocabulary.org/Organization/role"" ",
" ""http://data-vocabulary.org/Organization/addressRegion"" ",
" ""http://data-vocabulary.org/Organization/twitter"" ",
" ""http://data-vocabulary.org/Organization/endDate"" ",
" ""http://data-vocabulary.org/Organization/legalName"" ",
" ""http://data-vocabulary.org/Organization/vatID"" ",
" ""http://data-vocabulary.org/Organization/founder"" ",
" ""http://data-vocabulary.org/Organization/descripton"" ",
" ""https://schema.org/NewsMediaOrganization/name"" ",
" ""https://schema.org/NewsMediaOrganization/publishingPrinciples"" ",
" ""https://schema.org/NewsMediaOrganization/masthead"" ",
" ""https://schema.org/NewsMediaOrganization/image"" ",
" ""https://schema.org/NewsMediaOrganization/alternateName"" ",
" ""https://schema.org/NewsMediaOrganization/sameAs"" ",
" ""http://schema.org/organization/address"" ",
" ""http://schema.org/organization/logo"" ",
" ""http://schema.org/organization/telephone"" ",
" ""http://schema.org/organization/brand"" ",
" ""http://schema.org/organization/url"" ",
" ""http://schema.org/organization/name"" ",
" ""http://schema.org/organization/description"" ",
" ""http://schema.org/organization/image"" ",
" ""http://schema.org/organization/sameAs"" ",
" ""http://schema.org/organization/offers"" ",
" ""http://schema.org/organization/contactPoint"" ",
" ""http://schema.org/organization/email"" ",
" ""https://schema.org/organization/name"" ",
" ""https://schema.org/organization/logo"" ",
" ""https://schema.org/organization/address"" ",
" ""https://schema.org/organization/taxID"" ",
" ""https://schema.org/organization/description"" ",
" ""https://schema.org/organization/telephone"" ",
" ""https://schema.org/organization/url"" ",
" ""https://schema.org/organization/legalName"" ",
" ""https://schema.org/organization/review"" ",
" ""https://schema.org/organization/faxNumber"" ",
" ""https://schema.org/organization/aggregateRating"" ",
" ""https://data-vocabulary.org/Organization/address"" ",
" ""https://data-vocabulary.org/Organization/name"" ",
" ""https://data-vocabulary.org/Organization/geo"" ",
" ""https://data-vocabulary.org/Organization/photo"" ",
" ""https://data-vocabulary.org/Organization/priceRange"" ",
" ""https://data-vocabulary.org/Organization/url"" ",
" ""https://data-vocabulary.org/Organization/tel"" ",
" ""https://data-vocabulary.org/Organization/description"" ",
" ""https://data-vocabulary.org/Organization/locality"" ",
" ""https://data-vocabulary.org/Organization/street-address"" ",
" ""https://data-vocabulary.org/Organization/country-name"" ",
" ""https://data-vocabulary.org/Organization/telephone"" ",
" ""https://data-vocabulary.org/Organization/region"" ",
" ""https://data-vocabulary.org/Organization/brand"" ",
" ""https://data-vocabulary.org/Organization/fax"" ",
" ""https://data-vocabulary.org/Organization/image"" ",
" ""https://data-vocabulary.org/Organization/postalCode"" ",
" ""https://data-vocabulary.org/Organization/logo"" ",
" ""https://data-vocabulary.org/Organization/itemreviewed"" ",
" ""https://data-vocabulary.org/Organization/rating"" ",
" ""http://schema.org/NewsMediaOrganization/address"" ",
" ""http://schema.org/NewsMediaOrganization/name"" ",
" ""http://schema.org/NewsMediaOrganization/logo"" ",
" ""http://schema.org/NewsMediaOrganization/url"" ",
" ""http://schema.org/NewsMediaOrganization/legalName"" ",
" ""http://schema.org/NewsMediaOrganization/diversityPolicy"" ",
" ""http://schema.org/GovernmentOrganization/address"" ",
" ""http://schema.org/GovernmentOrganization/name"" ",
" ""http://schema.org/GovernmentOrganization/email"" ",
" ""http://schema.org/GovernmentOrganization/telephone"" ",
" ""http://schema.org/GovernmentOrganization/description"" ",
" ""http://schema.org/GovernmentOrganization/url"" ",
" ""http://schema.org/GovernmentOrganization/streetAddress"" ",
" ""http://schema.org/GovernmentOrganization/postalCode"" ",
" ""http://schema.org/GovernmentOrganization/addressLocality"" ",
" ""http://schema.org/GovernmentOrganization/addressRegion"" ",
" ""http://schema.org/GovernmentOrganization/aggregateRating"" ",
" ""http://schema.org/GovernmentOrganization/sameAs"" ",
" ""http://schema.org/GovernmentOrganization/memberOf"" ",
" ""http://schema.org/GovernmentOrganization/department"" ",
" ""http://schema.org/GovernmentOrganization/logo"" ",
" ""http://schema.org/GovernmentOrganization/contactPoint"" ",
" ""http://schema.org/GovernmentOrganization/location"" ",
" ""http://schema.org/GovernmentOrganization/brand"" ",
" ""http://schema.org/GovernmentOrganization/faxNumber"" ",
" ""http://schema.org/GovernmentOrganization/hoursAvailable"" ",
" ""http://schema.org/GovernmentOrganization/subOrganization"" ",
" ""http://schema.org/GovernmentOrganization/image"" ",
" ""http://schema.org/GovernmentOrganization/alternateName"" ",
" ""http://schema.org/GovernmentOrganization/member"" ",
" ""http://schema.org/GovernmentOrganization/mainEntityOfPage"" ",
" ""http://schema.org/GovernmentOrganization/areaServed"" ",
" ""http://schema.org/GovernmentOrganization/foundingDate"" ",
" ""http://schema.org/GovernmentOrganization/legalName"" ",
" ""http://schema.org/GovernmentOrganization/photo"" ",
" ""http://schema.org/OrganizationRole/alumni"" ",
" ""http://schema.org/OrganizationRole/roleName"" ",
" ""http://schema.org/OrganizationRole/startDate"" ",
" ""http://schema.org/OrganizationRole/name"" ",
" ""http://schema.org/OrganizationRole/member"" ",
" ""http://schema.org/OrganizationRole/rolename"" ",
" ""http://schema.org/OrganizationRole/namedPosition"" ",
" ""http://schema.org/OrganizationRole/endDate"" ",
" ""http://schema.org/OrganizationRole/numberedPosition"" ",
" ""http://schema.org/OrganizationRole/url"" ",
" ""http://schema.org/MedicalOrganization/legalName"" ",
" ""http://schema.org/MedicalOrganization/address"" ",
" ""http://schema.org/MedicalOrganization/description"" ",
" ""http://schema.org/MedicalOrganization/image"" ",
" ""http://schema.org/MedicalOrganization/name"" ",
" ""http://schema.org/MedicalOrganization/medicalSpecialty"" ",
" ""http://schema.org/MedicalOrganization/isAcceptingNewPatients"" ",
" ""http://schema.org/MedicalOrganization/telephone"" ",
" ""http://schema.org/MedicalOrganization/openingHours"" ",
" ""http://schema.org/MedicalOrganization/url"" ",
" ""http://schema.org/MedicalOrganization/ContactPoint"" ",
" ""http://schema.org/MedicalOrganization/parentOrganization"" ",
" ""http://schema.org/MedicalOrganization/location"" ",
" ""http://schema.org/MedicalOrganization/sameAs"" ",
" ""http://schema.org/MedicalOrganization/logo"" ",
" ""http://schema.org/MedicalOrganization/aggregateRating"" ",
" ""http://schema.org/MedicalOrganization/review"" ",
" ""http://schema.org/MedicalOrganization/mainEntityOfPage"" ",
" ""http://schema.org/MedicalOrganization/jobTitle"" ",
" ""http://schema.org/MedicalOrganization/map"" ",
" ""http://schema.org/MedicalOrganization/priceRange"" ",
" ""http://schema.org/MedicalOrganization/addressCountry"" ",
" ""http://schema.org/MedicalOrganization/streetAddress"" ",
" ""http://schema.org/MedicalOrganization/postalCode"" ",
" ""http://schema.org/MedicalOrganization/addressLocality"" ",
" ""http://schema.org/MedicalOrganization/addressRegion"" ",
" ""http://schema.org/MedicalOrganization/faxNumber"" ",
" ""http://schema.org/MedicalOrganization/subOrganization"" ",
" ""http://schema.org/MedicalOrganization/email"" ",
" ""http://schema.org/MedicalOrganization/paymentAccepted"" ",
" ""http://schema.org/MedicalOrganization/geo"" ",
" ""http://schema.org/MedicalOrganization/employee"" ",
" ""http://schema.org/MedicalOrganization/founder"" ",
" ""http://schema.org/MedicalOrganization/openingHoursSpecification"" ",
" ""http://schema.org/MedicalOrganization/title"" ",
" ""http://schema.org/MedicalOrganization/additionalType"" ",
" ""http://schema.org/MedicalOrganization/taxId"" ",
" ""http://schema.org/MedicalOrganization/areaServed"" ",
" ""http://schema.org/MedicalOrganization/primaryImageOfPage"" ",
" ""http://schema.org/MedicalOrganization/text"" ",
" ""http://schema.org/MedicalOrganization/headline"" ",
" ""http://schema.org/MedicalOrganization/copyrightHolder"" ",
" ""http://schema.org/MedicalOrganization/copyrightYear"" ",
" ""http://schema.org/MedicalOrganization/interactionCount"" ",
" ""http://schema.org/MedicalOrganization/taxID"" ",
" ""http://schema.org/EducationalOrganization/name"" ",
" ""http://schema.org/EducationalOrganization/logo"" ",
" ""http://schema.org/EducationalOrganization/url"" ",
" ""http://schema.org/EducationalOrganization/address"" ",
" ""http://schema.org/EducationalOrganization/telephone"" ",
" ""http://schema.org/EducationalOrganization/email"" ",
" ""http://schema.org/EducationalOrganization/faxNumber"" ",
" ""http://schema.org/EducationalOrganization/description"" ",
" ""http://schema.org/EducationalOrganization/duns"" ",
" ""http://schema.org/EducationalOrganization/breadcrumb"" ",
" ""http://schema.org/EducationalOrganization/postalCode"" ",
" ""http://schema.org/EducationalOrganization/addressLocality"" ",
" ""http://schema.org/EducationalOrganization/sameAs"" ",
" ""http://schema.org/EducationalOrganization/location"" ",
" ""http://schema.org/EducationalOrganization/parentOrganization"" ",
" ""http://schema.org/EducationalOrganization/department"" ",
" ""http://schema.org/EducationalOrganization/image"" ",
" ""http://schema.org/EducationalOrganization/areaServed"" ",
" ""http://schema.org/EducationalOrganization/workLocation"" ",
" ""http://schema.org/EducationalOrganization/jobTitle"" ",
" ""http://schema.org/EducationalOrganization/startDate"" ",
" ""http://schema.org/EducationalOrganization/event"" ",
" ""http://schema.org/EducationalOrganization/streetAddress"" ",
" ""http://schema.org/EducationalOrganization/addressRegion"" ",
" ""http://schema.org/EducationalOrganization/taxID"" ",
" ""http://schema.org/EducationalOrganization/aggregateRating"" ",
" ""http://schema.org/EducationalOrganization/hasOfferCatalog"" ",
" ""http://schema.org/EducationalOrganization/legalName"" ",
" ""http://schema.org/EducationalOrganization/alternateName"" ",
" ""http://schema.org/EducationalOrganization/makesOffer"" ",
" ""http://schema.org/EducationalOrganization/ContactPoint"" ",
" ""http://schema.org/EducationalOrganization/openingHours"" ",
" ""http://schema.org/EducationalOrganization/review"" ",
" ""http://schema.org/EducationalOrganization/member"" ",
" ""http://schema.org/EducationalOrganization/Services"" ",
" ""http://schema.org/EducationalOrganization/Services2"" ",
" ""http://schema.org/EducationalOrganization/Services1"" ",
" ""http://schema.org/EducationalOrganization/mainEntityOfPage"" ",
" ""http://schema.org/EducationalOrganization/cf"" ",
" ""http://schema.org/EducationalOrganization/iban"" ",
" ""http://schema.org/EducationalOrganization/acceptedAnswer"" ",
" ""http://schema.org/EducationalOrganization/suggestedAnswer"" ",
" ""http://schema.org/EducationalOrganization/members"" ",
" ""http://schema.org/EducationalOrganization/openingHoursSpecification"" ",
" ""http://schema.org/EducationalOrganization/alumni"" ",
" ""http://schema.org/EducationalOrganization/employee"" ",
" ""http://schema.org/EducationalOrganization/author"" ",
" ""http://schema.org/EducationalOrganization/dateModified"" ",
" ""http://schema.org/EducationalOrganization/duration"" ",
" ""http://schema.org/EducationalOrganization/availabilityEnds"" ",
" ""http://schema.org/EducationalOrganization/Offer"" ",
" ""http://schema.org/EducationalOrganization/availabilityStarts"" ",
" ""http://schema.org/EducationalOrganization/category"" ",
" ""http://schema.org/EducationalOrganization/eligibleCustomerType"" ",
" ""http://schema.org/EducationalOrganization/reviewRating"" ",
" ""http://schema.org/EducationalOrganization/knowsAbout"" ",
" ""http://schema.org/EducationalOrganization/contactPoint"" ",
" ""http://schema.org/EducationalOrganization/employees"" ",
" ""http://schema.org/EducationalOrganization/subOrganization"" ",
" ""http://www.schema.org/Organization/address"" ",
" ""http://www.schema.org/Organization/contactPoint"" ",
" ""http://www.schema.org/Organization/name"" ",
" ""http://www.schema.org/Organization/telephone"" ",
" ""http://www.schema.org/Organization/logo"" ",
" ""http://www.schema.org/Organization/url"" ",
" ""http://www.schema.org/Organization/sameAs"" ",
" ""http://www.schema.org/Organization/aggregateRating"" ",
" ""http://www.schema.org/Organization/faxnumber"" ",
" ""http://www.schema.org/Organization/copyrightYear"" ",
" ""http://www.schema.org/Organization/legalName"" ",
" ""http://www.schema.org/Organization/vatID"" ",
" ""http://www.schema.org/Organization/faxNumber"" ",
" ""http://www.schema.org/Organization/email"" ",
" ""http://www.schema.org/Organization/image"" ",
" ""http://www.schema.org/Organization/description"" ",
" ""http://www.schema.org/Organization/addressCode"" ",
" ""http://www.schema.org/Organization/streetAddress"" ",
" ""http://www.schema.org/Organization/addressLocality"" ",
" ""http://www.schema.org/Organization/addressRegion"" ",
" ""http://data-vocabulary.org/​Organization/address"" ",
" ""http://data-vocabulary.org/​Organization/geo"" ",
" ""http://data-vocabulary.org/​Organization/locality"" ",
" ""http://data-vocabulary.org/​Organization/price"" ",
" ""http://data-vocabulary.org/​Organization/num"" ",
" ""http://data-vocabulary.org/​Organization/price_ceil"" ",
" ""http://data-vocabulary.org/​Organization/id"" ",
" ""http://data-vocabulary.org/​Organization/category"" ",
" ""http://data-vocabulary.org/​Organization/url"" ",
" ""http://data-vocabulary.org/​Organization/name"" ",
" ""http://data-vocabulary.org/​Organization/street-address"" ",
" ""http://data-vocabulary.org/​Organization/region"" ",
" ""http://data-vocabulary.org/​Organization/country"" ",
" ""http://schema.org/SportsOrganization/name"" ",
" ""http://schema.org/SportsOrganization/brand"" ",
" ""http://schema.org/SportsOrganization/url"" ",
" ""http://schema.org/SportsOrganization/address"" ",
" ""http://schema.org/SportsOrganization/taxID"" ",
" ""http://schema.org/SportsOrganization/description"" ",
" ""http://schema.org/SportsOrganization/logo"" ",
" ""http://schema.org/SportsOrganization/telephone"" ",
" ""http://schema.org/SportsOrganization/email"" ",
" ""http://schema.org/SportsOrganization/image"" ",
" ""http://schema.org/SportsOrganization/sport"" ",
" ""http://schema.org/SportsOrganization/memberOf"" ",
" ""http://schema.org/SportsOrganization/sameas"" ",
" ""https://schema.org/OrganizationRole/member"" ",
" ""https://schema.org/OrganizationRole/startDate"" ",
" ""https://schema.org/OrganizationRole/roleName"" ",
" ""https://www.schema.org/Organization/url"" ",
" ""https://www.schema.org/Organization/sameAs"" ",
" ""https://www.schema.org/Organization/name"" ",
" ""https://www.schema.org/Organization/logo"" ",
" ""https://www.schema.org/Organization/address"" ",
" ""https://www.schema.org/Organization/email"" ",
" ""https://www.schema.org/Organization/contactPoint"" ",
" ""https://www.schema.org/Organization/telephone"" ",
" ""http://schema.org.408ss.com/Organization/isBasedOnUrl"" ",
" ""http://schema.org.408ss.com/Organization/name"" ",
" ""http://www.data-vocabulary.org/Organization/address"" ",
" ""http://www.data-vocabulary.org/Organization/name"" ",
" ""http://www.data-vocabulary.org/Organization/tel"" ",
" ""http://www.data-vocabulary.org/Organization/url"" ",
" ""http://www.data-vocabulary.org/Organization/geo"" ",
" ""http://www.data-vocabulary.org/Organization/email"" ",
" ""http://www.data-vocabulary.org/Organization/image"" ",
" ""http://www.data-vocabulary.org/Organization/street-address"" ",
" ""http://www.data-vocabulary.org/Organization/locality"" ",
" ""http://www.data-vocabulary.org/Organization/faxNumber"" ",
" ""http://www.data-vocabulary.org/Organization/type"" ",
" ""http://www.data-vocabulary.org/Organization/region"" ",
" ""http://www.data-vocabulary.org/Organization/logo"" ",
" ""https://schema.org/MedicalOrganization/address"" ",
" ""https://schema.org/MedicalOrganization/name"" ",
" ""https://schema.org/MedicalOrganization/telephone"" ",
" ""https://schema.org/MedicalOrganization/aggregateRating"" ",
" ""https://schema.org/MedicalOrganization/url"" ",
" ""https://schema.org/MedicalOrganization/legalName"" ",
" ""https://schema.org/MedicalOrganization/image"" ",
" ""https://schema.org/MedicalOrganization/logo"" ",
" ""https://schema.org/MedicalOrganization/openingHours"" ",
" ""https://schema.org/MedicalOrganization/associatedMedia"" ",
" ""https://schema.org/MedicalOrganization/description"" ",
" ""https://schema.org/MedicalOrganization/email"" ",
" ""https://schema.org/MedicalOrganization/thumbnail"" ",
" ""https://schema.org/MedicalOrganization/medicalSpecialty"" ",
" ""https://schema.org/MedicalOrganization/caption"" ",
" ""https://schema.org/MedicalOrganization/taxID"" ",
" ""https://schema.org/MedicalOrganization/faxNumber"" ",
" ""https://schema.org/MedicalOrganization/review"" ",
" ""https://schema.org/MedicalOrganization/geo"" ",
" ""https://schema.org/MedicalOrganization/hasMap"" ",
" ""https://schema.org/MedicalOrganization/sameAs"" ",
" ""https://schema.org/MedicalOrganization/maps"" ",
" ""https://schema.org/GovernmentOrganization/name"" ",
" ""http://data-vocabulary.org/âOrganization/street-address"" ",
" ""http://data-vocabulary.org/âOrganization/name"" ",
" ""http://data-vocabulary.org/âOrganization/locality"" ",
" ""http://data-vocabulary.org/âOrganization/region"" ",
" ""https://schema.org/EducationalOrganization/address"" ",
" ""https://schema.org/EducationalOrganization/name"" ",
" ""https://schema.org/EducationalOrganization/telephone"" ",
" ""https://schema.org/EducationalOrganization/email"" ",
" ""https://schema.org/EducationalOrganization/logo"" ",
" ""https://schema.org/EducationalOrganization/description"" ",
" ""https://schema.org/EducationalOrganization/skype"" ",
" ""https://schema.org/EducationalOrganization/url"" ",
" ""https://schema.org/EducationalOrganization/endDate"" ",
" ""https://schema.org/EducationalOrganization/startDate"" ",
" ""https://schema.org/EducationalOrganization/sameAs"" ",
" ""https://schema.org/EducationalOrganization/image"" ",
" ""https://schema.org/EducationalOrganization/legalName"" ",
" ""https://schema.org/EducationalOrganization/faxNumber"" ",
" ""https://schema.org/EducationalOrganization/location"" ",
" ""http://schema.org.wolundida.com/Organization/name"" ",
" ""http://schema.org/governmentorganization/name"" ",
" ""http://schema.org/governmentorganization/logo"" ",
" ""http://schema.org/governmentorganization/url"" ",
" ""http://469.161844.com/525/Organization/name"" ",
" ""http://psy0431.com/Organization/isBasedOnUrl"" ",
" ""http://psy0431.com/Organization/name"" ",
" ""https://schema.org/SportsOrganization/areaServed"" ",
" ""https://schema.org/SportsOrganization/name"" ",
" ""https://schema.org/SportsOrganization/sport"" ",
" ""https://schema.org/SportsOrganization/logo"" ",
" ""https://schema.org/SportsOrganization/description"" ",
" ""https://schema.org/SportsOrganization/brand"" ",
" ""https://schema.org/SportsOrganization/url"" ",
" ""http://schema.org.15bbin.com/Organization/name"" ",
" ""http://schema.org.jianfu1688.com/Organization/name"" ",
" ""http://schema.org.jianfu1688.com/Organization/isBasedOnUrl"" ",
" ""http://schema.org/Organization/LocalBusiness/image"" ",
" ""http://schema.org/Organization/LocalBusiness/name"" ",
" ""http://schema.org/Organization/LocalBusiness/telephone"" ",
" ""http://schema.org/Organization/LocalBusiness/url"" ",
" ""http://schema.org/Organization/LocalBusiness/email"" ",
" ""http://schema.org.haishentuliao.top/Organization/name"" ",
" ""http://schema.org/Organization/Corporation/address"" ",
" ""http://schema.org/Organization/Corporation/faxNumber"" ",
" ""http://schema.org/Organization/Corporation/telephone"" ",
" ""http://schema.org/Organization/Corporation/email"" ",
" ""http://stromprisoversikten.no/Organization/address"" ",
" ""http://stromprisoversikten.no/Organization/isBrandDivision"" ",
" ""http://stromprisoversikten.no/Organization/companyName"" ",
" ""http://stromprisoversikten.no/Organization/postalCode"" ",
" ""http://schema.org/sourceOrganization/address"" ",
" ""http://schema.org/sourceOrganization/name"" ",
" ""http://schema.org.cccmf.cn/Organization/name"" ",
" ""http://schema.org.zz931z.life/Organization/name"" ",
" ""http://data-vocabulary.org/EducationalOrganization/address"" ",
" ""http://data-vocabulary.org/EducationalOrganization/name"" ",
" ""http://data-vocabulary.org/EducationalOrganization/faxNumber"" ",
" ""http://data-vocabulary.org/EducationalOrganization/telephone"" ",
" ""http://data-vocabulary.org/EducationalOrganization/email"" ",
" ""http://scema.org/Organization/address"" ",
" ""http://scema.org/Organization/name"" ",
" ""http://scema.org/Organization/telephone"" ",
" ""http://jhjwb.com/Organization/isBasedOnUrl"" ",
" ""http://jhjwb.com/Organization/name"" ",
" ""http://schema.org.xxjyh.top/Organization/name"" ",
" ""http://schema.org.982hh.com/Organization/name"" ",
" ""http://schema.org.444sbcp.com/Organization/name"" ",
" ""http://data-vocabulary.org/Organization/NGO/address"" ",
" ""http://data-vocabulary.org/Organization/NGO/faxNumber"" ",
" ""http://data-vocabulary.org/Organization/NGO/telephone"" ",
" ""http://data-vocabulary.org/Organization/NGO/brand"" ",
" ""http://data-vocabulary.org/Organization/NGO/email"" ",
" ""http://schema.org.yinuods.com/Organization/name"" ",
" ""http://schema.org.13msb.com/Organization/name"" ",
" ""http://schema.org.nsb33nsb.com/Organization/name"" ",
" ""http://schema.org.fffxh.com.cn/Organization/isBasedOnUrl"" ",
" ""http://schema.org.fffxh.com.cn/Organization/name"" ",
" ""http://0355c.com/Organization/isBasedOnUrl"" ",
" ""http://0355c.com/Organization/name"" ",
" ""http://schema.org.ltdss.com/Organization/name"" ",
" ""http://schema.org/Organization/LocalBusiness/MedicalOrganization/telephone"" ",
" ""http://schema.org/Organization/LocalBusiness/MedicalOrganization/url"" ",
" ""https:http://schema.org/Organization/address"" ",
" ""https:http://schema.org/Organization/name"" ",
" ""https:http://schema.org/Organization/logo"" ",
" ""https:http://schema.org/Organization/telephone"" ",
" ""http://schema.org.w7ovdo.cn/Organization/name"" ",
" ""http://schema.org.yoderlab.com.cn/Organization/isBasedOnUrl"" ",
" ""http://schema.org.yoderlab.com.cn/Organization/name"" ",
" ""http://schema.org/Organization/LocalBusiness/HomeAndConstructionBusiness/Plumber/address"" ",
" ""http://schema.org/Organization/LocalBusiness/HomeAndConstructionBusiness/Plumber/name"" ",
" ""http://schema.org/Organization/LocalBusiness/HomeAndConstructionBusiness/Plumber/description"" ",
" ""http://schema.org/Organization/LocalBusiness/HomeAndConstructionBusiness/Plumber/telephone"" ",
" ""http://schema.org.nyfzw.cn/Organization/name"" ",
" ""http://www.319.144802.com/Organization/name"" ",
" ""http://51paypal.com/Organization/name"" ",
" ""http://51paypal.com/Organization/isBasedOnUrl"" ",
" ""http://schema.org.fpzlk.fun/Organization/name"" ",
" ""http://schema.org.t2kxyd.cn/Organization/name"" ",
" ""http://shijijiaoyu.net/Organization/isBasedOnUrl"" ",
" ""http://shijijiaoyu.net/Organization/name"" ",
" ""http://www.142811.com/360/Organization/name"" ",
" ""http://schema.org.rcis.cn/Organization/name"" ",
" ""http://gaolundq.com/Organization/isBasedOnUrl"" ",
" ""http://gaolundq.com/Organization/name"" ",
" ""http://schema.org.liuyii.top/Organization/isBasedOnUrl"" ",
" ""http://schema.org.liuyii.top/Organization/name"" ",
" ""http://469.161844.com/661/Organization/name"" ",
" ""http://schema.org.luiwg.com/Organization/name"" ",
" ""http://www.44sbcgw.com/363/Organization/name"" ",
" ""http://schema.org.251sun.com/Organization/name"" ",
" ""http://schema.org.251sun.com/Organization/isBasedOnUrl"" ",
" ""http://schema.org.ldydf.tw/Organization/name"" ",
" ""http://schema.org.thc6.com/Organization/name"" ",
" ""http://schema.org.752ss.com/Organization/isBasedOnUrl"" ",
" ""http://schema.org.752ss.com/Organization/name"" ",
" ""http://schema.org.414ss.com/Organization/name"" ",
" ""http://schema.org.vnxdxz.shop/Organization/isBasedOnUrl"" ",
" ""http://schema.org.vnxdxz.shop/Organization/name"" ",
" ""http://www.schema.org/GovernmentOrganization/address"" ",
" ""http://www.schema.org/GovernmentOrganization/name"" ",
" ""http://www.schema.org/GovernmentOrganization/member"" ",
" ""http://yinglangsh.com/Organization/isBasedOnUrl"" ",
" ""http://yinglangsh.com/Organization/name"" ",
" ""http://schema.org/Organization/SportsTeam/address"" ",
" ""http://schema.org/Organization/SportsTeam/name"" ",
" ""http://schema.org/Organization/SportsTeam/logo"" ",
" ""http://schema.org.jmshushijia.com/Organization/name"" ",
" ""http://schema.org/OrganizationOrganization/sameAs"" ",
" ""http://schema.org.ichangjia.top/Organization/name"" ",
" ""http://schema.org.185mcp.com/Organization/isBasedOnUrl"" ",
" ""http://schema.org.185mcp.com/Organization/name"" ",
" ""http://schema.org.ywz2862.shop/Organization/name"" ",
" ""http://schema.org.worldwar3.top/Organization/name"" ",
" ""http://schema.org.lomshower.top/Organization/name"" ",
" ""http://schema.org.facebl.com/Organization/name"" ",
" ""http://469.161844.com/816/Organization/name"" ",
" ""https://www.data-vocabulary.org/Organization/address"" ",
" ""https://www.data-vocabulary.org/Organization/name"" ",
" ""http://schema.org.6wwvqw.club/Organization/isBasedOnUrl"" ",
" ""http://schema.org.6wwvqw.club/Organization/name"" ",
" ""http://schema.org.jinanchi.top/Organization/name"" ",
" ""http://data-vocabulary.org/?Organization/name"" ",
" ""http://data-vocabulary.org/?Organization/geo"" ",
" ""http://data-vocabulary.org/?Organization/address"" ",
" ""http://schema.org.zchmjj.top/Organization/name"" ",
" ""http://schema.org/Organization/Ngo/legalName"" ",
" ""http://schema.org/Organization/Ngo/address"" ",
" ""http://schema.org/Organization/Ngo/taxID"" ",
" ""http://schema.org/Organization/Ngo/slogan"" ",
" ""http://schema.org/Organization/Ngo/URL"" ",
" ""http://schema.org/Organization/Ngo/email"" ",
" ""http://schema.org.xmre.net/Organization/name"" ",
" ""http://schema.org.1388517.com/Organization/isBasedOnUrl"" ",
" ""http://schema.org.1388517.com/Organization/name"" ",
" ""http://schema.org.jpxyw.com/Organization/isBasedOnUrl"" ",
" ""http://schema.org.jpxyw.com/Organization/name"" ",
" ""http://schema.org.hw-jg.top/Organization/name"" ",
" ""http://469.161844.com/Organization/name"" ",
" ""http://whuzsb.com/Organization/isBasedOnUrl"" ",
" ""http://whuzsb.com/Organization/name"" ",
" ""http://schema.org.htcmw.top/Organization/name"" ",
" ""http://schema.org.czbjj9.fun/Organization/name"" ",
" ""https://schema.org/LocalBusiness/MedicalOrganization/legalName"" ",
" ""https://schema.org/LocalBusiness/MedicalOrganization/address"" ",
" ""http://schema.org.bafute.top/Organization/name"" ",
" ""http://schema.org.liaoyangwu.top/Organization/name"" ",
" ""http://schema.org.wxcwf.top/Organization/name"" ",
" ""http://schema.org.5wljy.fun/Organization/name"" ",
" ""http://schema.org.6vvnk.net.cn/Organization/name"" ",
" ""http://schema.org.efgcjbw.top/Organization/name"" ",
" ""http://schema.org.cexaf.fun/Organization/name"" ",
" ""http://schema.org.n311x.icu/Organization/name"" ",
" ""http://schema.org.g26ig.icu/Organization/isBasedOnUrl"" ",
" ""http://schema.org.g26ig.icu/Organization/name"" ",
" ""http://data-vocabula...rg/Organization/address"" ",
" ""http://data-vocabula...rg/Organization/name"" ",
" ""http://data-vocabula...rg/Organization/tel"" ",
" ""http://schema.org.123wps.com/Organization/isBasedOnUrl"" ",
" ""http://schema.org.123wps.com/Organization/name"" ",
" ""http://Schema.org/Organization/address"" ",
" ""http://Schema.org/Organization/name"" ",
" ""http://Schema.org/Organization/logo"" ",
" ""http://Schema.org/Organization/url"" ",
" ""http://Schema.org/Organization/sameAs"" ",
" ""http://schema.org.jp1c1b.cn/Organization/name"" ",
" ""http://schema.org.ydggy.top/Organization/name"" ",
" ""http://schema.org.0bsb.com/Organization/name"" ",
" ""http://schema.org.516mcp.com/Organization/name"" ",
" ""http://www.fva.368sblive.com/Organization/name"" ",
" ""http://schema.org.6so6qq.life/Organization/name"" ",
" ""http://schema.org.iqube.top/Organization/name"" ",
" ""http://schema.org.1155055.com/Organization/name"" ",
" ""http://schema.org.64oo20.life/Organization/name"" ",
" ""http://schema.org.9188198.com/Organization/name"" ",
" ""https://health-lifesci.schema.org/MedicalOrganization/address"" ",
" ""https://health-lifesci.schema.org/MedicalOrganization/founder"" ",
" ""https://health-lifesci.schema.org/MedicalOrganization/telephone"" ",
" ""https://health-lifesci.schema.org/MedicalOrganization/medicalSpecialty"" ",
" ""http://schema.org/Organization/LocalBusiness/EntertainmentBusiness/AmusementPark/address"" ",
" ""http://schema.org/Organization/LocalBusiness/EntertainmentBusiness/AmusementPark/email"" ",
" ""http://schema.org.rvzl2.net.cn/Organization/isBasedOnUrl"" ",
" ""http://schema.org.rvzl2.net.cn/Organization/name"" ",
" ""https://shema.org/Organization/address"" ",
" ""https://shema.org/Organization/name"" ",
" ""http://schema.org.mscmw.com/Organization/isBasedOnUrl"" ",
" ""http://schema.org.mscmw.com/Organization/name"" ",
" ""http://www.754.144851.com/Organization/name"" ",
" ""http://schema.org.carava5.com/Organization/name"" ",
" ""http://schema.org.w1dd.com/Organization/name"" ",
" ""http://schema.org.wphj.net.cn/Organization/name"" ",
" ""http://auto.schema.org/Organization/address"" ",
" ""http://auto.schema.org/Organization/name"" ",
" ""http://schema.org.sbcp288.com/Organization/name"" ",
" ""http://xjw.161844.com/271/Organization/name"" ",
" ""http://schema.org.ybiq.top/Organization/name"" ",
" ""http://schema.org.zhenxi168.com/Organization/name"" ",
" ""http://schema.org.potb.top/Organization/name"" ",
" ""http://schema.org.qtyy.net.cn/Organization/name"" ",
" ""http://schema.org.2046vip.cn/Organization/name"" ",
" ""http://www.cia.808sblive.com/Organization/name"" ",
" ""http://schema.org.mutb.top/Organization/isBasedOnUrl"" ",
" ""http://schema.org.mutb.top/Organization/name"" ",
" ""http://schema.org.zk163.top/Organization/isBasedOnUrl"" ",
" ""http://schema.org.zk163.top/Organization/name"" ",
" ""http://schema.org.iwulan.top/Organization/name"" ",
" ""http://www.802.113sblive.com/Organization/name"" ",
" ""http://www.kcp.133643.com/Organization/name"" ",
" ""http://schema.org.oulaoshi.top/Organization/name"" ",
" ""http://schema.org.1st4animals.com/Organization/name"" ",
" ""http://schema.org.dfvdf.com.cn/Organization/name"" ",
" ""http://www.197.eb099.com/Organization/name"" ",
" ""http://www.197.eb099.com/Organization/logo"" ",
" ""http://schema.org.66pjpj.com/Organization/name"" ",
" ""http://schema.org.anbomei.com/Organization/name"" ",
" ""http://schema.org.2ggss.icu/Organization/name"" ",
" ""http://schema.org/Organization/TelevisionNetwork/channelCarrier"" ",
" ""http://schema.org/Organization/TelevisionNetwork/channelDescription"" ",
" ""http://schema.org/Organization/TelevisionNetwork/channelLogo"" ",
" ""http://schema.org.r4bxh.fun/Organization/name"" ",
" ""http://schema.org.vx47r.cn/Organization/isBasedOnUrl"" ",
" ""http://schema.org.vx47r.cn/Organization/name"" ",
" ""http://schema.org.8517caipiao.com/Organization/isBasedOnUrl"" ",
" ""http://schema.org.8517caipiao.com/Organization/name"" ",
" ""http:schema.org/organization/address"" ",
" ""http:schema.org/organization/telephone"" ",
" ""http://schema.org.ybiu.top/Organization/isBasedOnUrl"" ",
" ""http://schema.org.ybiu.top/Organization/name"" ",
" ""http://schema.org.uitun.com/Organization/name"" ",
" ""http://schema.org.wps18.com/Organization/name"" ",
" ""http://schema.org.qianchenwang.com/Organization/name"" ",
" ""http://www.g65.o1155.com/Organization/name"" ",
" ""http://www.g65.o1155.com/Organization/logo"" ",
" ""http://schema.org.5138387.com/Organization/name"" ",
" ""http://schema.ord/Organization/name"" ",
